sample_id,subject,video,timestamp,relative_time_bin,target_valence,target_arousal
predict1_V01_T000,predict1,1,0,0,128,128
predict1_V01_T001,predict1,1,1,0,128,128
predict1_V01_T002,predict1,1,2,0,128,128
predict1_V01_T003,predict1,1,3,0,128,128
predict1_V01_T004,predict1,1,4,0,145,156
predict1_V01_T005,predict1,1,5,0,176,171
predict1_V01_T006,predict1,1,6,0,182,187
predict1_V01_T007,predict1,1,7,0,182,187
predict1_V01_T008,predict1,1,8,0,182,187
predict1_V01_T009,predict1,1,9,0,182,187
predict1_V01_T010,predict1,1,10,0,182,187
predict1_V01_T011,predict1,1,11,0,182,187
predict1_V01_T012,predict1,1,12,0,199,187
predict1_V01_T013,predict1,1,13,0,199,187
predict1_V01_T014,predict1,1,14,1,199,187
predict1_V01_T015,predict1,1,15,1,199,187
predict1_V01_T016,predict1,1,16,1,199,187
predict1_V01_T017,predict1,1,17,1,199,187
predict1_V01_T018,predict1,1,18,1,199,187
predict1_V01_T019,predict1,1,19,1,199,187
predict1_V01_T020,predict1,1,20,1,199,187
predict1_V01_T021,predict1,1,21,1,199,187
predict1_V01_T022,predict1,1,22,1,199,187
predict1_V01_T023,predict1,1,23,1,199,187
predict1_V01_T024,predict1,1,24,1,176,150
predict1_V01_T025,predict1,1,25,1,159,147
predict1_V01_T026,predict1,1,26,1,159,147
predict1_V01_T027,predict1,1,27,2,159,147
predict1_V01_T028,predict1,1,28,2,159,147
predict1_V01_T029,predict1,1,29,2,159,147
predict1_V01_T030,predict1,1,30,2,159,147
predict1_V01_T031,predict1,1,31,2,159,147
predict1_V01_T032,predict1,1,32,2,159,147
predict1_V01_T033,predict1,1,33,2,159,147
predict1_V01_T034,predict1,1,34,2,159,147
predict1_V01_T035,predict1,1,35,2,159,147
predict1_V01_T036,predict1,1,36,2,159,147
predict1_V01_T037,predict1,1,37,2,159,147
predict1_V01_T038,predict1,1,38,2,159,147
predict1_V01_T039,predict1,1,39,2,159,147
predict1_V01_T040,predict1,1,40,2,159,147
predict1_V01_T041,predict1,1,41,3,159,147
predict1_V01_T042,predict1,1,42,3,159,147
predict1_V01_T043,predict1,1,43,3,159,147
predict1_V01_T044,predict1,1,44,3,159,147
predict1_V01_T045,predict1,1,45,3,159,147
predict1_V01_T046,predict1,1,46,3,159,147
predict1_V01_T047,predict1,1,47,3,180,147
predict1_V01_T048,predict1,1,48,3,180,147
predict1_V01_T049,predict1,1,49,3,180,147
predict1_V01_T050,predict1,1,50,3,180,147
predict1_V01_T051,predict1,1,51,3,180,147
predict1_V01_T052,predict1,1,52,3,180,147
predict1_V01_T053,predict1,1,53,3,180,147
predict1_V01_T054,predict1,1,54,4,180,147
predict1_V01_T055,predict1,1,55,4,180,167
predict1_V01_T056,predict1,1,56,4,180,176
predict1_V01_T057,predict1,1,57,4,191,189
predict1_V01_T058,predict1,1,58,4,191,189
predict1_V01_T059,predict1,1,59,4,191,189
predict1_V01_T060,predict1,1,60,4,191,189
predict1_V01_T061,predict1,1,61,4,191,189
predict1_V01_T062,predict1,1,62,4,191,189
predict1_V01_T063,predict1,1,63,4,191,189
predict1_V01_T064,predict1,1,64,4,191,189
predict1_V01_T065,predict1,1,65,4,191,189
predict1_V01_T066,predict1,1,66,4,191,189
predict1_V01_T067,predict1,1,67,4,191,189
predict1_V01_T068,predict1,1,68,5,191,189
predict1_V01_T069,predict1,1,69,5,191,189
predict1_V01_T070,predict1,1,70,5,191,189
predict1_V01_T071,predict1,1,71,5,191,189
predict1_V01_T072,predict1,1,72,5,191,189
predict1_V01_T073,predict1,1,73,5,191,189
predict1_V01_T074,predict1,1,74,5,191,189
predict1_V01_T075,predict1,1,75,5,191,189
predict1_V01_T076,predict1,1,76,5,191,189
predict1_V01_T077,predict1,1,77,5,191,189
predict1_V01_T078,predict1,1,78,5,191,189
predict1_V01_T079,predict1,1,79,5,191,189
predict1_V01_T080,predict1,1,80,5,191,189
predict1_V01_T081,predict1,1,81,6,191,189
predict1_V01_T082,predict1,1,82,6,191,189
predict1_V01_T083,predict1,1,83,6,191,189
predict1_V01_T084,predict1,1,84,6,191,189
predict1_V01_T085,predict1,1,85,6,191,189
predict1_V01_T086,predict1,1,86,6,191,189
predict1_V01_T087,predict1,1,87,6,191,189
predict1_V01_T088,predict1,1,88,6,191,189
predict1_V01_T089,predict1,1,89,6,191,189
predict1_V01_T090,predict1,1,90,6,191,189
predict1_V01_T091,predict1,1,91,6,191,189
predict1_V01_T092,predict1,1,92,6,191,189
predict1_V01_T093,predict1,1,93,6,191,189
predict1_V01_T094,predict1,1,94,6,191,189
predict1_V01_T095,predict1,1,95,7,191,189
predict1_V01_T096,predict1,1,96,7,191,189
predict1_V01_T097,predict1,1,97,7,191,189
predict1_V01_T098,predict1,1,98,7,191,189
predict1_V01_T099,predict1,1,99,7,191,189
predict1_V01_T100,predict1,1,100,7,191,189
predict1_V01_T101,predict1,1,101,7,191,189
predict1_V01_T102,predict1,1,102,7,191,189
predict1_V01_T103,predict1,1,103,7,191,189
predict1_V01_T104,predict1,1,104,7,191,189
predict1_V01_T105,predict1,1,105,7,191,189
predict1_V01_T106,predict1,1,106,7,191,189
predict1_V01_T107,predict1,1,107,7,191,189
predict1_V01_T108,predict1,1,108,8,191,189
predict1_V01_T109,predict1,1,109,8,191,189
predict1_V01_T110,predict1,1,110,8,191,189
predict1_V01_T111,predict1,1,111,8,191,189
predict1_V01_T112,predict1,1,112,8,191,189
predict1_V01_T113,predict1,1,113,8,191,189
predict1_V01_T114,predict1,1,114,8,191,189
predict1_V01_T115,predict1,1,115,8,191,189
predict1_V01_T116,predict1,1,116,8,191,189
predict1_V01_T117,predict1,1,117,8,191,189
predict1_V01_T118,predict1,1,118,8,191,189
predict1_V01_T119,predict1,1,119,8,191,189
predict1_V01_T120,predict1,1,120,8,191,189
predict1_V01_T121,predict1,1,121,8,191,189
predict1_V01_T122,predict1,1,122,9,191,189
predict1_V01_T123,predict1,1,123,9,191,189
predict1_V01_T124,predict1,1,124,9,191,189
predict1_V01_T125,predict1,1,125,9,191,189
predict1_V01_T126,predict1,1,126,9,191,189
predict1_V01_T127,predict1,1,127,9,191,189
predict1_V01_T128,predict1,1,128,9,191,189
predict1_V01_T129,predict1,1,129,9,191,189
predict1_V01_T130,predict1,1,130,9,191,189
predict1_V01_T131,predict1,1,131,9,191,189
predict1_V01_T132,predict1,1,132,9,191,189
predict1_V01_T133,predict1,1,133,9,191,189
predict1_V01_T134,predict1,1,134,9,191,189
predict1_V02_T000,predict1,2,0,0,128,128
predict1_V02_T001,predict1,2,1,0,128,128
predict1_V02_T002,predict1,2,2,0,128,128
predict1_V02_T003,predict1,2,3,0,128,128
predict1_V02_T004,predict1,2,4,0,128,128
predict1_V02_T005,predict1,2,5,0,128,128
predict1_V02_T006,predict1,2,6,0,128,128
predict1_V02_T007,predict1,2,7,0,152,87
predict1_V02_T008,predict1,2,8,0,166,73
predict1_V02_T009,predict1,2,9,0,166,73
predict1_V02_T010,predict1,2,10,0,166,73
predict1_V02_T011,predict1,2,11,0,166,73
predict1_V02_T012,predict1,2,12,0,166,73
predict1_V02_T013,predict1,2,13,0,166,73
predict1_V02_T014,predict1,2,14,1,166,73
predict1_V02_T015,predict1,2,15,1,166,73
predict1_V02_T016,predict1,2,16,1,166,73
predict1_V02_T017,predict1,2,17,1,166,73
predict1_V02_T018,predict1,2,18,1,166,73
predict1_V02_T019,predict1,2,19,1,166,73
predict1_V02_T020,predict1,2,20,1,166,73
predict1_V02_T021,predict1,2,21,1,166,73
predict1_V02_T022,predict1,2,22,1,166,73
predict1_V02_T023,predict1,2,23,1,166,73
predict1_V02_T024,predict1,2,24,1,166,73
predict1_V02_T025,predict1,2,25,1,166,73
predict1_V02_T026,predict1,2,26,1,166,73
predict1_V02_T027,predict1,2,27,1,166,73
predict1_V02_T028,predict1,2,28,2,166,73
predict1_V02_T029,predict1,2,29,2,166,73
predict1_V02_T030,predict1,2,30,2,166,73
predict1_V02_T031,predict1,2,31,2,166,73
predict1_V02_T032,predict1,2,32,2,166,73
predict1_V02_T033,predict1,2,33,2,156,73
predict1_V02_T034,predict1,2,34,2,156,73
predict1_V02_T035,predict1,2,35,2,156,73
predict1_V02_T036,predict1,2,36,2,156,73
predict1_V02_T037,predict1,2,37,2,156,73
predict1_V02_T038,predict1,2,38,2,156,73
predict1_V02_T039,predict1,2,39,2,141,73
predict1_V02_T040,predict1,2,40,2,95,73
predict1_V02_T041,predict1,2,41,2,95,73
predict1_V02_T042,predict1,2,42,3,95,73
predict1_V02_T043,predict1,2,43,3,95,73
predict1_V02_T044,predict1,2,44,3,95,73
predict1_V02_T045,predict1,2,45,3,95,73
predict1_V02_T046,predict1,2,46,3,95,73
predict1_V02_T047,predict1,2,47,3,95,73
predict1_V02_T048,predict1,2,48,3,95,73
predict1_V02_T049,predict1,2,49,3,95,73
predict1_V02_T050,predict1,2,50,3,95,73
predict1_V02_T051,predict1,2,51,3,95,73
predict1_V02_T052,predict1,2,52,3,95,73
predict1_V02_T053,predict1,2,53,3,95,73
predict1_V02_T054,predict1,2,54,3,95,73
predict1_V02_T055,predict1,2,55,4,95,73
predict1_V02_T056,predict1,2,56,4,95,73
predict1_V02_T057,predict1,2,57,4,95,73
predict1_V02_T058,predict1,2,58,4,95,73
predict1_V02_T059,predict1,2,59,4,95,73
predict1_V02_T060,predict1,2,60,4,95,73
predict1_V02_T061,predict1,2,61,4,95,73
predict1_V02_T062,predict1,2,62,4,95,73
predict1_V02_T063,predict1,2,63,4,95,73
predict1_V02_T064,predict1,2,64,4,95,73
predict1_V02_T065,predict1,2,65,4,95,73
predict1_V02_T066,predict1,2,66,4,95,73
predict1_V02_T067,predict1,2,67,4,95,73
predict1_V02_T068,predict1,2,68,4,95,73
predict1_V02_T069,predict1,2,69,5,95,73
predict1_V02_T070,predict1,2,70,5,95,73
predict1_V02_T071,predict1,2,71,5,95,73
predict1_V02_T072,predict1,2,72,5,95,73
predict1_V02_T073,predict1,2,73,5,95,73
predict1_V02_T074,predict1,2,74,5,95,73
predict1_V02_T075,predict1,2,75,5,95,73
predict1_V02_T076,predict1,2,76,5,95,73
predict1_V02_T077,predict1,2,77,5,95,73
predict1_V02_T078,predict1,2,78,5,95,73
predict1_V02_T079,predict1,2,79,5,95,73
predict1_V02_T080,predict1,2,80,5,95,73
predict1_V02_T081,predict1,2,81,5,95,73
predict1_V02_T082,predict1,2,82,5,95,73
predict1_V02_T083,predict1,2,83,6,95,68
predict1_V02_T084,predict1,2,84,6,95,68
predict1_V02_T085,predict1,2,85,6,95,68
predict1_V02_T086,predict1,2,86,6,95,68
predict1_V02_T087,predict1,2,87,6,95,68
predict1_V02_T088,predict1,2,88,6,95,54
predict1_V02_T089,predict1,2,89,6,95,47
predict1_V02_T090,predict1,2,90,6,95,47
predict1_V02_T091,predict1,2,91,6,95,47
predict1_V02_T092,predict1,2,92,6,95,47
predict1_V02_T093,predict1,2,93,6,95,47
predict1_V02_T094,predict1,2,94,6,95,47
predict1_V02_T095,predict1,2,95,6,95,47
predict1_V02_T096,predict1,2,96,7,95,47
predict1_V02_T097,predict1,2,97,7,95,47
predict1_V02_T098,predict1,2,98,7,95,47
predict1_V02_T099,predict1,2,99,7,95,47
predict1_V02_T100,predict1,2,100,7,95,47
predict1_V02_T101,predict1,2,101,7,95,47
predict1_V02_T102,predict1,2,102,7,95,47
predict1_V02_T103,predict1,2,103,7,95,47
predict1_V02_T104,predict1,2,104,7,95,47
predict1_V02_T105,predict1,2,105,7,95,47
predict1_V02_T106,predict1,2,106,7,95,47
predict1_V02_T107,predict1,2,107,7,95,47
predict1_V02_T108,predict1,2,108,7,95,44
predict1_V02_T109,predict1,2,109,7,106,11
predict1_V02_T110,predict1,2,110,8,106,11
predict1_V02_T111,predict1,2,111,8,106,11
predict1_V02_T112,predict1,2,112,8,106,11
predict1_V02_T113,predict1,2,113,8,106,11
predict1_V02_T114,predict1,2,114,8,106,11
predict1_V02_T115,predict1,2,115,8,106,11
predict1_V02_T116,predict1,2,116,8,106,11
predict1_V02_T117,predict1,2,117,8,106,11
predict1_V02_T118,predict1,2,118,8,106,11
predict1_V02_T119,predict1,2,119,8,106,11
predict1_V02_T120,predict1,2,120,8,106,11
predict1_V02_T121,predict1,2,121,8,106,11
predict1_V02_T122,predict1,2,122,8,106,11
predict1_V02_T123,predict1,2,123,8,106,11
predict1_V02_T124,predict1,2,124,9,106,11
predict1_V02_T125,predict1,2,125,9,106,11
predict1_V02_T126,predict1,2,126,9,106,11
predict1_V02_T127,predict1,2,127,9,106,11
predict1_V02_T128,predict1,2,128,9,106,11
predict1_V02_T129,predict1,2,129,9,106,11
predict1_V02_T130,predict1,2,130,9,106,11
predict1_V02_T131,predict1,2,131,9,106,11
predict1_V02_T132,predict1,2,132,9,106,11
predict1_V02_T133,predict1,2,133,9,106,11
predict1_V02_T134,predict1,2,134,9,106,11
predict1_V02_T135,predict1,2,135,9,106,11
predict1_V02_T136,predict1,2,136,9,106,11
predict1_V03_T000,predict1,3,0,0,128,128
predict1_V03_T001,predict1,3,1,0,128,128
predict1_V03_T002,predict1,3,2,0,128,128
predict1_V03_T003,predict1,3,3,0,128,128
predict1_V03_T004,predict1,3,4,0,128,128
predict1_V03_T005,predict1,3,5,0,139,128
predict1_V03_T006,predict1,3,6,0,143,128
predict1_V03_T007,predict1,3,7,0,193,170
predict1_V03_T008,predict1,3,8,0,193,170
predict1_V03_T009,predict1,3,9,1,193,170
predict1_V03_T010,predict1,3,10,1,193,170
predict1_V03_T011,predict1,3,11,1,193,170
predict1_V03_T012,predict1,3,12,1,193,170
predict1_V03_T013,predict1,3,13,1,193,170
predict1_V03_T014,predict1,3,14,1,193,170
predict1_V03_T015,predict1,3,15,1,144,170
predict1_V03_T016,predict1,3,16,1,63,192
predict1_V03_T017,predict1,3,17,1,63,192
predict1_V03_T018,predict1,3,18,2,63,192
predict1_V03_T019,predict1,3,19,2,63,192
predict1_V03_T020,predict1,3,20,2,63,192
predict1_V03_T021,predict1,3,21,2,63,192
predict1_V03_T022,predict1,3,22,2,63,192
predict1_V03_T023,predict1,3,23,2,63,192
predict1_V03_T024,predict1,3,24,2,63,192
predict1_V03_T025,predict1,3,25,2,54,192
predict1_V03_T026,predict1,3,26,2,32,221
predict1_V03_T027,predict1,3,27,3,20,226
predict1_V03_T028,predict1,3,28,3,20,226
predict1_V03_T029,predict1,3,29,3,20,226
predict1_V03_T030,predict1,3,30,3,20,226
predict1_V03_T031,predict1,3,31,3,20,226
predict1_V03_T032,predict1,3,32,3,20,226
predict1_V03_T033,predict1,3,33,3,20,226
predict1_V03_T034,predict1,3,34,3,20,226
predict1_V03_T035,predict1,3,35,3,20,226
predict1_V03_T036,predict1,3,36,4,20,226
predict1_V03_T037,predict1,3,37,4,20,226
predict1_V03_T038,predict1,3,38,4,20,226
predict1_V03_T039,predict1,3,39,4,20,226
predict1_V03_T040,predict1,3,40,4,20,226
predict1_V03_T041,predict1,3,41,4,8,226
predict1_V03_T042,predict1,3,42,4,8,226
predict1_V03_T043,predict1,3,43,4,8,226
predict1_V03_T044,predict1,3,44,4,8,226
predict1_V03_T045,predict1,3,45,5,8,226
predict1_V03_T046,predict1,3,46,5,8,226
predict1_V03_T047,predict1,3,47,5,8,226
predict1_V03_T048,predict1,3,48,5,8,226
predict1_V03_T049,predict1,3,49,5,8,226
predict1_V03_T050,predict1,3,50,5,8,226
predict1_V03_T051,predict1,3,51,5,8,226
predict1_V03_T052,predict1,3,52,5,8,226
predict1_V03_T053,predict1,3,53,5,21,217
predict1_V03_T054,predict1,3,54,6,21,217
predict1_V03_T055,predict1,3,55,6,21,217
predict1_V03_T056,predict1,3,56,6,21,217
predict1_V03_T057,predict1,3,57,6,21,217
predict1_V03_T058,predict1,3,58,6,21,217
predict1_V03_T059,predict1,3,59,6,21,217
predict1_V03_T060,predict1,3,60,6,21,217
predict1_V03_T061,predict1,3,61,6,21,217
predict1_V03_T062,predict1,3,62,6,21,217
predict1_V03_T063,predict1,3,63,7,21,217
predict1_V03_T064,predict1,3,64,7,21,217
predict1_V03_T065,predict1,3,65,7,21,217
predict1_V03_T066,predict1,3,66,7,21,217
predict1_V03_T067,predict1,3,67,7,21,217
predict1_V03_T068,predict1,3,68,7,21,217
predict1_V03_T069,predict1,3,69,7,21,217
predict1_V03_T070,predict1,3,70,7,28,217
predict1_V03_T071,predict1,3,71,7,34,217
predict1_V03_T072,predict1,3,72,8,34,217
predict1_V03_T073,predict1,3,73,8,43,217
predict1_V03_T074,predict1,3,74,8,43,217
predict1_V03_T075,predict1,3,75,8,43,217
predict1_V03_T076,predict1,3,76,8,43,217
predict1_V03_T077,predict1,3,77,8,43,217
predict1_V03_T078,predict1,3,78,8,43,217
predict1_V03_T079,predict1,3,79,8,43,217
predict1_V03_T080,predict1,3,80,8,43,217
predict1_V03_T081,predict1,3,81,9,43,217
predict1_V03_T082,predict1,3,82,9,43,217
predict1_V03_T083,predict1,3,83,9,43,217
predict1_V03_T084,predict1,3,84,9,1,255
predict1_V03_T085,predict1,3,85,9,1,255
predict1_V03_T086,predict1,3,86,9,1,255
predict1_V03_T087,predict1,3,87,9,1,255
predict1_V03_T088,predict1,3,88,9,1,255
predict1_V03_T089,predict1,3,89,9,1,255
predict1_V04_T000,predict1,4,0,0,128,128
predict1_V04_T001,predict1,4,1,0,128,128
predict1_V04_T002,predict1,4,2,0,159,187
predict1_V04_T003,predict1,4,3,0,162,187
predict1_V04_T004,predict1,4,4,0,162,187
predict1_V04_T005,predict1,4,5,0,162,187
predict1_V04_T006,predict1,4,6,0,162,187
predict1_V04_T007,predict1,4,7,0,162,187
predict1_V04_T008,predict1,4,8,1,162,187
predict1_V04_T009,predict1,4,9,1,162,187
predict1_V04_T010,predict1,4,10,1,162,187
predict1_V04_T011,predict1,4,11,1,147,187
predict1_V04_T012,predict1,4,12,1,147,187
predict1_V04_T013,predict1,4,13,1,147,187
predict1_V04_T014,predict1,4,14,1,147,187
predict1_V04_T015,predict1,4,15,1,147,187
predict1_V04_T016,predict1,4,16,2,147,187
predict1_V04_T017,predict1,4,17,2,147,187
predict1_V04_T018,predict1,4,18,2,147,187
predict1_V04_T019,predict1,4,19,2,147,187
predict1_V04_T020,predict1,4,20,2,147,187
predict1_V04_T021,predict1,4,21,2,147,192
predict1_V04_T022,predict1,4,22,2,182,212
predict1_V04_T023,predict1,4,23,2,182,212
predict1_V04_T024,predict1,4,24,3,182,212
predict1_V04_T025,predict1,4,25,3,182,212
predict1_V04_T026,predict1,4,26,3,182,212
predict1_V04_T027,predict1,4,27,3,182,212
predict1_V04_T028,predict1,4,28,3,182,208
predict1_V04_T029,predict1,4,29,3,182,199
predict1_V04_T030,predict1,4,30,3,182,199
predict1_V04_T031,predict1,4,31,3,182,199
predict1_V04_T032,predict1,4,32,4,182,199
predict1_V04_T033,predict1,4,33,4,182,199
predict1_V04_T034,predict1,4,34,4,182,199
predict1_V04_T035,predict1,4,35,4,182,199
predict1_V04_T036,predict1,4,36,4,182,199
predict1_V04_T037,predict1,4,37,4,182,199
predict1_V04_T038,predict1,4,38,4,182,199
predict1_V04_T039,predict1,4,39,4,182,199
predict1_V04_T040,predict1,4,40,5,182,199
predict1_V04_T041,predict1,4,41,5,182,199
predict1_V04_T042,predict1,4,42,5,182,199
predict1_V04_T043,predict1,4,43,5,182,199
predict1_V04_T044,predict1,4,44,5,182,199
predict1_V04_T045,predict1,4,45,5,182,199
predict1_V04_T046,predict1,4,46,5,182,199
predict1_V04_T047,predict1,4,47,5,182,199
predict1_V04_T048,predict1,4,48,6,182,199
predict1_V04_T049,predict1,4,49,6,182,199
predict1_V04_T050,predict1,4,50,6,182,199
predict1_V04_T051,predict1,4,51,6,182,199
predict1_V04_T052,predict1,4,52,6,182,199
predict1_V04_T053,predict1,4,53,6,182,199
predict1_V04_T054,predict1,4,54,6,182,199
predict1_V04_T055,predict1,4,55,6,182,199
predict1_V04_T056,predict1,4,56,7,182,199
predict1_V04_T057,predict1,4,57,7,182,199
predict1_V04_T058,predict1,4,58,7,182,199
predict1_V04_T059,predict1,4,59,7,182,199
predict1_V04_T060,predict1,4,60,7,182,199
predict1_V04_T061,predict1,4,61,7,182,199
predict1_V04_T062,predict1,4,62,7,182,199
predict1_V04_T063,predict1,4,63,7,182,199
predict1_V04_T064,predict1,4,64,8,182,199
predict1_V04_T065,predict1,4,65,8,182,199
predict1_V04_T066,predict1,4,66,8,182,199
predict1_V04_T067,predict1,4,67,8,182,199
predict1_V04_T068,predict1,4,68,8,182,199
predict1_V04_T069,predict1,4,69,8,182,199
predict1_V04_T070,predict1,4,70,8,182,199
predict1_V04_T071,predict1,4,71,8,182,199
predict1_V04_T072,predict1,4,72,9,182,199
predict1_V04_T073,predict1,4,73,9,182,199
predict1_V04_T074,predict1,4,74,9,182,199
predict1_V04_T075,predict1,4,75,9,182,199
predict1_V04_T076,predict1,4,76,9,182,199
predict1_V04_T077,predict1,4,77,9,182,199
predict1_V04_T078,predict1,4,78,9,182,199
predict1_V05_T000,predict1,5,0,0,128,128
predict1_V05_T001,predict1,5,1,0,173,94
predict1_V05_T002,predict1,5,2,0,187,94
predict1_V05_T003,predict1,5,3,0,187,94
predict1_V05_T004,predict1,5,4,0,187,94
predict1_V05_T005,predict1,5,5,0,187,94
predict1_V05_T006,predict1,5,6,0,187,94
predict1_V05_T007,predict1,5,7,0,187,94
predict1_V05_T008,predict1,5,8,0,187,94
predict1_V05_T009,predict1,5,9,0,187,94
predict1_V05_T010,predict1,5,10,0,187,94
predict1_V05_T011,predict1,5,11,0,187,94
predict1_V05_T012,predict1,5,12,0,187,94
predict1_V05_T013,predict1,5,13,0,187,94
predict1_V05_T014,predict1,5,14,1,187,81
predict1_V05_T015,predict1,5,15,1,174,77
predict1_V05_T016,predict1,5,16,1,174,77
predict1_V05_T017,predict1,5,17,1,174,77
predict1_V05_T018,predict1,5,18,1,174,77
predict1_V05_T019,predict1,5,19,1,174,77
predict1_V05_T020,predict1,5,20,1,174,77
predict1_V05_T021,predict1,5,21,1,174,77
predict1_V05_T022,predict1,5,22,1,174,77
predict1_V05_T023,predict1,5,23,1,174,77
predict1_V05_T024,predict1,5,24,1,174,77
predict1_V05_T025,predict1,5,25,1,174,77
predict1_V05_T026,predict1,5,26,1,174,77
predict1_V05_T027,predict1,5,27,2,174,77
predict1_V05_T028,predict1,5,28,2,174,77
predict1_V05_T029,predict1,5,29,2,174,77
predict1_V05_T030,predict1,5,30,2,174,77
predict1_V05_T031,predict1,5,31,2,174,77
predict1_V05_T032,predict1,5,32,2,174,77
predict1_V05_T033,predict1,5,33,2,174,77
predict1_V05_T034,predict1,5,34,2,174,77
predict1_V05_T035,predict1,5,35,2,174,77
predict1_V05_T036,predict1,5,36,2,174,77
predict1_V05_T037,predict1,5,37,2,174,77
predict1_V05_T038,predict1,5,38,2,174,77
predict1_V05_T039,predict1,5,39,2,174,77
predict1_V05_T040,predict1,5,40,2,174,77
predict1_V05_T041,predict1,5,41,3,174,77
predict1_V05_T042,predict1,5,42,3,174,77
predict1_V05_T043,predict1,5,43,3,174,77
predict1_V05_T044,predict1,5,44,3,174,77
predict1_V05_T045,predict1,5,45,3,174,77
predict1_V05_T046,predict1,5,46,3,174,77
predict1_V05_T047,predict1,5,47,3,174,77
predict1_V05_T048,predict1,5,48,3,174,77
predict1_V05_T049,predict1,5,49,3,174,77
predict1_V05_T050,predict1,5,50,3,174,77
predict1_V05_T051,predict1,5,51,3,174,77
predict1_V05_T052,predict1,5,52,3,174,77
predict1_V05_T053,predict1,5,53,3,174,77
predict1_V05_T054,predict1,5,54,4,174,77
predict1_V05_T055,predict1,5,55,4,174,77
predict1_V05_T056,predict1,5,56,4,174,77
predict1_V05_T057,predict1,5,57,4,174,77
predict1_V05_T058,predict1,5,58,4,174,77
predict1_V05_T059,predict1,5,59,4,174,77
predict1_V05_T060,predict1,5,60,4,174,77
predict1_V05_T061,predict1,5,61,4,174,77
predict1_V05_T062,predict1,5,62,4,174,77
predict1_V05_T063,predict1,5,63,4,174,77
predict1_V05_T064,predict1,5,64,4,174,77
predict1_V05_T065,predict1,5,65,4,174,77
predict1_V05_T066,predict1,5,66,4,174,77
predict1_V05_T067,predict1,5,67,4,174,77
predict1_V05_T068,predict1,5,68,5,174,77
predict1_V05_T069,predict1,5,69,5,174,77
predict1_V05_T070,predict1,5,70,5,174,77
predict1_V05_T071,predict1,5,71,5,174,77
predict1_V05_T072,predict1,5,72,5,174,77
predict1_V05_T073,predict1,5,73,5,174,77
predict1_V05_T074,predict1,5,74,5,174,77
predict1_V05_T075,predict1,5,75,5,174,77
predict1_V05_T076,predict1,5,76,5,174,77
predict1_V05_T077,predict1,5,77,5,174,77
predict1_V05_T078,predict1,5,78,5,174,77
predict1_V05_T079,predict1,5,79,5,174,77
predict1_V05_T080,predict1,5,80,5,174,77
predict1_V05_T081,predict1,5,81,6,174,77
predict1_V05_T082,predict1,5,82,6,174,77
predict1_V05_T083,predict1,5,83,6,174,77
predict1_V05_T084,predict1,5,84,6,174,77
predict1_V05_T085,predict1,5,85,6,174,77
predict1_V05_T086,predict1,5,86,6,174,77
predict1_V05_T087,predict1,5,87,6,174,77
predict1_V05_T088,predict1,5,88,6,174,77
predict1_V05_T089,predict1,5,89,6,174,77
predict1_V05_T090,predict1,5,90,6,174,77
predict1_V05_T091,predict1,5,91,6,174,77
predict1_V05_T092,predict1,5,92,6,174,77
predict1_V05_T093,predict1,5,93,6,174,77
predict1_V05_T094,predict1,5,94,6,174,77
predict1_V05_T095,predict1,5,95,7,174,77
predict1_V05_T096,predict1,5,96,7,174,77
predict1_V05_T097,predict1,5,97,7,174,77
predict1_V05_T098,predict1,5,98,7,174,77
predict1_V05_T099,predict1,5,99,7,174,77
predict1_V05_T100,predict1,5,100,7,174,77
predict1_V05_T101,predict1,5,101,7,174,77
predict1_V05_T102,predict1,5,102,7,174,77
predict1_V05_T103,predict1,5,103,7,174,77
predict1_V05_T104,predict1,5,104,7,174,77
predict1_V05_T105,predict1,5,105,7,174,77
predict1_V05_T106,predict1,5,106,7,174,77
predict1_V05_T107,predict1,5,107,7,174,77
predict1_V05_T108,predict1,5,108,8,174,77
predict1_V05_T109,predict1,5,109,8,174,77
predict1_V05_T110,predict1,5,110,8,174,77
predict1_V05_T111,predict1,5,111,8,174,77
predict1_V05_T112,predict1,5,112,8,174,77
predict1_V05_T113,predict1,5,113,8,174,77
predict1_V05_T114,predict1,5,114,8,174,77
predict1_V05_T115,predict1,5,115,8,174,77
predict1_V05_T116,predict1,5,116,8,174,77
predict1_V05_T117,predict1,5,117,8,174,77
predict1_V05_T118,predict1,5,118,8,174,77
predict1_V05_T119,predict1,5,119,8,174,77
predict1_V05_T120,predict1,5,120,8,174,77
predict1_V05_T121,predict1,5,121,8,174,77
predict1_V05_T122,predict1,5,122,9,174,77
predict1_V05_T123,predict1,5,123,9,174,77
predict1_V05_T124,predict1,5,124,9,174,77
predict1_V05_T125,predict1,5,125,9,174,77
predict1_V05_T126,predict1,5,126,9,174,77
predict1_V05_T127,predict1,5,127,9,174,77
predict1_V05_T128,predict1,5,128,9,174,77
predict1_V05_T129,predict1,5,129,9,174,77
predict1_V05_T130,predict1,5,130,9,174,77
predict1_V05_T131,predict1,5,131,9,174,77
predict1_V05_T132,predict1,5,132,9,174,77
predict1_V05_T133,predict1,5,133,9,174,77
predict1_V05_T134,predict1,5,134,9,174,77
predict1_V06_T000,predict1,6,0,0,128,128
predict1_V06_T001,predict1,6,1,0,128,128
predict1_V06_T002,predict1,6,2,0,128,128
predict1_V06_T003,predict1,6,3,0,128,93
predict1_V06_T004,predict1,6,4,0,172,77
predict1_V06_T005,predict1,6,5,0,172,77
predict1_V06_T006,predict1,6,6,0,172,77
predict1_V06_T007,predict1,6,7,0,172,77
predict1_V06_T008,predict1,6,8,0,172,77
predict1_V06_T009,predict1,6,9,0,172,77
predict1_V06_T010,predict1,6,10,1,172,77
predict1_V06_T011,predict1,6,11,1,172,77
predict1_V06_T012,predict1,6,12,1,172,77
predict1_V06_T013,predict1,6,13,1,172,77
predict1_V06_T014,predict1,6,14,1,172,77
predict1_V06_T015,predict1,6,15,1,172,77
predict1_V06_T016,predict1,6,16,1,172,77
predict1_V06_T017,predict1,6,17,1,172,77
predict1_V06_T018,predict1,6,18,1,110,77
predict1_V06_T019,predict1,6,19,2,68,77
predict1_V06_T020,predict1,6,20,2,68,77
predict1_V06_T021,predict1,6,21,2,68,77
predict1_V06_T022,predict1,6,22,2,68,77
predict1_V06_T023,predict1,6,23,2,68,77
predict1_V06_T024,predict1,6,24,2,68,77
predict1_V06_T025,predict1,6,25,2,68,77
predict1_V06_T026,predict1,6,26,2,68,97
predict1_V06_T027,predict1,6,27,2,74,143
predict1_V06_T028,predict1,6,28,3,80,157
predict1_V06_T029,predict1,6,29,3,80,157
predict1_V06_T030,predict1,6,30,3,80,157
predict1_V06_T031,predict1,6,31,3,80,157
predict1_V06_T032,predict1,6,32,3,80,157
predict1_V06_T033,predict1,6,33,3,80,157
predict1_V06_T034,predict1,6,34,3,80,157
predict1_V06_T035,predict1,6,35,3,80,157
predict1_V06_T036,predict1,6,36,3,80,157
predict1_V06_T037,predict1,6,37,3,80,157
predict1_V06_T038,predict1,6,38,4,80,157
predict1_V06_T039,predict1,6,39,4,80,157
predict1_V06_T040,predict1,6,40,4,80,157
predict1_V06_T041,predict1,6,41,4,80,157
predict1_V06_T042,predict1,6,42,4,80,157
predict1_V06_T043,predict1,6,43,4,80,157
predict1_V06_T044,predict1,6,44,4,80,157
predict1_V06_T045,predict1,6,45,4,80,157
predict1_V06_T046,predict1,6,46,4,80,157
predict1_V06_T047,predict1,6,47,5,80,157
predict1_V06_T048,predict1,6,48,5,80,157
predict1_V06_T049,predict1,6,49,5,80,157
predict1_V06_T050,predict1,6,50,5,80,157
predict1_V06_T051,predict1,6,51,5,80,157
predict1_V06_T052,predict1,6,52,5,80,157
predict1_V06_T053,predict1,6,53,5,80,157
predict1_V06_T054,predict1,6,54,5,80,157
predict1_V06_T055,predict1,6,55,5,80,157
predict1_V06_T056,predict1,6,56,6,80,157
predict1_V06_T057,predict1,6,57,6,80,157
predict1_V06_T058,predict1,6,58,6,80,157
predict1_V06_T059,predict1,6,59,6,80,157
predict1_V06_T060,predict1,6,60,6,80,157
predict1_V06_T061,predict1,6,61,6,80,157
predict1_V06_T062,predict1,6,62,6,80,157
predict1_V06_T063,predict1,6,63,6,80,157
predict1_V06_T064,predict1,6,64,6,80,157
predict1_V06_T065,predict1,6,65,6,80,157
predict1_V06_T066,predict1,6,66,7,80,157
predict1_V06_T067,predict1,6,67,7,80,157
predict1_V06_T068,predict1,6,68,7,80,157
predict1_V06_T069,predict1,6,69,7,80,157
predict1_V06_T070,predict1,6,70,7,80,157
predict1_V06_T071,predict1,6,71,7,80,157
predict1_V06_T072,predict1,6,72,7,80,157
predict1_V06_T073,predict1,6,73,7,80,157
predict1_V06_T074,predict1,6,74,7,80,157
predict1_V06_T075,predict1,6,75,8,80,157
predict1_V06_T076,predict1,6,76,8,80,157
predict1_V06_T077,predict1,6,77,8,80,157
predict1_V06_T078,predict1,6,78,8,80,157
predict1_V06_T079,predict1,6,79,8,80,157
predict1_V06_T080,predict1,6,80,8,80,157
predict1_V06_T081,predict1,6,81,8,80,135
predict1_V06_T082,predict1,6,82,8,95,110
predict1_V06_T083,predict1,6,83,8,96,110
predict1_V06_T084,predict1,6,84,9,96,110
predict1_V06_T085,predict1,6,85,9,96,110
predict1_V06_T086,predict1,6,86,9,96,110
predict1_V06_T087,predict1,6,87,9,96,110
predict1_V06_T088,predict1,6,88,9,96,110
predict1_V06_T089,predict1,6,89,9,96,110
predict1_V06_T090,predict1,6,90,9,96,110
predict1_V06_T091,predict1,6,91,9,96,110
predict1_V06_T092,predict1,6,92,9,96,110
predict1_V07_T000,predict1,7,0,0,128,128
predict1_V07_T001,predict1,7,1,0,128,128
predict1_V07_T002,predict1,7,2,0,128,128
predict1_V07_T003,predict1,7,3,0,142,147
predict1_V07_T004,predict1,7,4,0,169,147
predict1_V07_T005,predict1,7,5,0,169,147
predict1_V07_T006,predict1,7,6,0,169,147
predict1_V07_T007,predict1,7,7,0,169,147
predict1_V07_T008,predict1,7,8,0,169,147
predict1_V07_T009,predict1,7,9,0,169,147
predict1_V07_T010,predict1,7,10,0,169,147
predict1_V07_T011,predict1,7,11,0,169,147
predict1_V07_T012,predict1,7,12,0,169,152
predict1_V07_T013,predict1,7,13,1,169,158
predict1_V07_T014,predict1,7,14,1,169,168
predict1_V07_T015,predict1,7,15,1,169,168
predict1_V07_T016,predict1,7,16,1,169,168
predict1_V07_T017,predict1,7,17,1,169,168
predict1_V07_T018,predict1,7,18,1,169,168
predict1_V07_T019,predict1,7,19,1,169,168
predict1_V07_T020,predict1,7,20,1,169,168
predict1_V07_T021,predict1,7,21,1,169,168
predict1_V07_T022,predict1,7,22,1,169,168
predict1_V07_T023,predict1,7,23,1,169,168
predict1_V07_T024,predict1,7,24,1,169,168
predict1_V07_T025,predict1,7,25,2,169,168
predict1_V07_T026,predict1,7,26,2,169,168
predict1_V07_T027,predict1,7,27,2,169,168
predict1_V07_T028,predict1,7,28,2,169,168
predict1_V07_T029,predict1,7,29,2,169,168
predict1_V07_T030,predict1,7,30,2,169,168
predict1_V07_T031,predict1,7,31,2,169,168
predict1_V07_T032,predict1,7,32,2,169,168
predict1_V07_T033,predict1,7,33,2,169,168
predict1_V07_T034,predict1,7,34,2,169,168
predict1_V07_T035,predict1,7,35,2,169,168
predict1_V07_T036,predict1,7,36,2,169,168
predict1_V07_T037,predict1,7,37,3,169,168
predict1_V07_T038,predict1,7,38,3,169,168
predict1_V07_T039,predict1,7,39,3,169,168
predict1_V07_T040,predict1,7,40,3,169,168
predict1_V07_T041,predict1,7,41,3,169,168
predict1_V07_T042,predict1,7,42,3,169,168
predict1_V07_T043,predict1,7,43,3,169,168
predict1_V07_T044,predict1,7,44,3,169,162
predict1_V07_T045,predict1,7,45,3,169,162
predict1_V07_T046,predict1,7,46,3,169,162
predict1_V07_T047,predict1,7,47,3,169,162
predict1_V07_T048,predict1,7,48,3,169,162
predict1_V07_T049,predict1,7,49,4,169,162
predict1_V07_T050,predict1,7,50,4,169,162
predict1_V07_T051,predict1,7,51,4,169,162
predict1_V07_T052,predict1,7,52,4,169,162
predict1_V07_T053,predict1,7,53,4,169,162
predict1_V07_T054,predict1,7,54,4,169,162
predict1_V07_T055,predict1,7,55,4,169,162
predict1_V07_T056,predict1,7,56,4,169,162
predict1_V07_T057,predict1,7,57,4,169,162
predict1_V07_T058,predict1,7,58,4,169,162
predict1_V07_T059,predict1,7,59,4,169,162
predict1_V07_T060,predict1,7,60,4,169,162
predict1_V07_T061,predict1,7,61,5,169,162
predict1_V07_T062,predict1,7,62,5,169,162
predict1_V07_T063,predict1,7,63,5,169,162
predict1_V07_T064,predict1,7,64,5,169,162
predict1_V07_T065,predict1,7,65,5,169,162
predict1_V07_T066,predict1,7,66,5,169,162
predict1_V07_T067,predict1,7,67,5,169,162
predict1_V07_T068,predict1,7,68,5,169,162
predict1_V07_T069,predict1,7,69,5,169,162
predict1_V07_T070,predict1,7,70,5,169,162
predict1_V07_T071,predict1,7,71,5,169,162
predict1_V07_T072,predict1,7,72,5,169,162
predict1_V07_T073,predict1,7,73,5,169,162
predict1_V07_T074,predict1,7,74,6,169,162
predict1_V07_T075,predict1,7,75,6,169,162
predict1_V07_T076,predict1,7,76,6,169,162
predict1_V07_T077,predict1,7,77,6,169,162
predict1_V07_T078,predict1,7,78,6,169,162
predict1_V07_T079,predict1,7,79,6,169,162
predict1_V07_T080,predict1,7,80,6,169,162
predict1_V07_T081,predict1,7,81,6,169,162
predict1_V07_T082,predict1,7,82,6,169,162
predict1_V07_T083,predict1,7,83,6,169,162
predict1_V07_T084,predict1,7,84,6,169,162
predict1_V07_T085,predict1,7,85,6,169,162
predict1_V07_T086,predict1,7,86,7,169,162
predict1_V07_T087,predict1,7,87,7,169,162
predict1_V07_T088,predict1,7,88,7,169,162
predict1_V07_T089,predict1,7,89,7,169,162
predict1_V07_T090,predict1,7,90,7,169,162
predict1_V07_T091,predict1,7,91,7,169,162
predict1_V07_T092,predict1,7,92,7,169,162
predict1_V07_T093,predict1,7,93,7,169,162
predict1_V07_T094,predict1,7,94,7,169,162
predict1_V07_T095,predict1,7,95,7,169,162
predict1_V07_T096,predict1,7,96,7,169,162
predict1_V07_T097,predict1,7,97,7,169,162
predict1_V07_T098,predict1,7,98,8,169,162
predict1_V07_T099,predict1,7,99,8,169,162
predict1_V07_T100,predict1,7,100,8,169,162
predict1_V07_T101,predict1,7,101,8,169,162
predict1_V07_T102,predict1,7,102,8,169,162
predict1_V07_T103,predict1,7,103,8,169,162
predict1_V07_T104,predict1,7,104,8,169,162
predict1_V07_T105,predict1,7,105,8,186,162
predict1_V07_T106,predict1,7,106,8,186,162
predict1_V07_T107,predict1,7,107,8,186,162
predict1_V07_T108,predict1,7,108,8,186,162
predict1_V07_T109,predict1,7,109,8,186,162
predict1_V07_T110,predict1,7,110,9,186,162
predict1_V07_T111,predict1,7,111,9,186,162
predict1_V07_T112,predict1,7,112,9,186,162
predict1_V07_T113,predict1,7,113,9,186,162
predict1_V07_T114,predict1,7,114,9,186,162
predict1_V07_T115,predict1,7,115,9,186,162
predict1_V07_T116,predict1,7,116,9,186,162
predict1_V07_T117,predict1,7,117,9,186,162
predict1_V07_T118,predict1,7,118,9,186,162
predict1_V07_T119,predict1,7,119,9,186,162
predict1_V07_T120,predict1,7,120,9,186,162
predict1_V07_T121,predict1,7,121,9,186,162
predict1_V08_T000,predict1,8,0,0,128,128
predict1_V08_T001,predict1,8,1,0,128,128
predict1_V08_T002,predict1,8,2,0,128,128
predict1_V08_T003,predict1,8,3,0,128,143
predict1_V08_T004,predict1,8,4,0,156,165
predict1_V08_T005,predict1,8,5,0,160,165
predict1_V08_T006,predict1,8,6,0,160,165
predict1_V08_T007,predict1,8,7,0,160,165
predict1_V08_T008,predict1,8,8,0,160,165
predict1_V08_T009,predict1,8,9,0,160,165
predict1_V08_T010,predict1,8,10,0,160,165
predict1_V08_T011,predict1,8,11,1,160,165
predict1_V08_T012,predict1,8,12,1,160,165
predict1_V08_T013,predict1,8,13,1,160,165
predict1_V08_T014,predict1,8,14,1,160,177
predict1_V08_T015,predict1,8,15,1,160,195
predict1_V08_T016,predict1,8,16,1,160,199
predict1_V08_T017,predict1,8,17,1,160,199
predict1_V08_T018,predict1,8,18,1,160,199
predict1_V08_T019,predict1,8,19,1,160,199
predict1_V08_T020,predict1,8,20,1,160,199
predict1_V08_T021,predict1,8,21,1,160,199
predict1_V08_T022,predict1,8,22,2,160,199
predict1_V08_T023,predict1,8,23,2,160,199
predict1_V08_T024,predict1,8,24,2,160,199
predict1_V08_T025,predict1,8,25,2,160,199
predict1_V08_T026,predict1,8,26,2,160,199
predict1_V08_T027,predict1,8,27,2,160,199
predict1_V08_T028,predict1,8,28,2,160,199
predict1_V08_T029,predict1,8,29,2,160,199
predict1_V08_T030,predict1,8,30,2,160,199
predict1_V08_T031,predict1,8,31,2,160,199
predict1_V08_T032,predict1,8,32,2,160,222
predict1_V08_T033,predict1,8,33,3,160,222
predict1_V08_T034,predict1,8,34,3,160,222
predict1_V08_T035,predict1,8,35,3,160,222
predict1_V08_T036,predict1,8,36,3,184,222
predict1_V08_T037,predict1,8,37,3,184,222
predict1_V08_T038,predict1,8,38,3,184,222
predict1_V08_T039,predict1,8,39,3,184,222
predict1_V08_T040,predict1,8,40,3,184,222
predict1_V08_T041,predict1,8,41,3,184,222
predict1_V08_T042,predict1,8,42,3,184,222
predict1_V08_T043,predict1,8,43,4,184,222
predict1_V08_T044,predict1,8,44,4,184,222
predict1_V08_T045,predict1,8,45,4,184,222
predict1_V08_T046,predict1,8,46,4,184,222
predict1_V08_T047,predict1,8,47,4,184,222
predict1_V08_T048,predict1,8,48,4,184,222
predict1_V08_T049,predict1,8,49,4,184,222
predict1_V08_T050,predict1,8,50,4,184,222
predict1_V08_T051,predict1,8,51,4,184,222
predict1_V08_T052,predict1,8,52,4,184,222
predict1_V08_T053,predict1,8,53,4,184,222
predict1_V08_T054,predict1,8,54,5,184,222
predict1_V08_T055,predict1,8,55,5,184,222
predict1_V08_T056,predict1,8,56,5,184,222
predict1_V08_T057,predict1,8,57,5,184,222
predict1_V08_T058,predict1,8,58,5,184,222
predict1_V08_T059,predict1,8,59,5,184,222
predict1_V08_T060,predict1,8,60,5,184,222
predict1_V08_T061,predict1,8,61,5,184,222
predict1_V08_T062,predict1,8,62,5,184,222
predict1_V08_T063,predict1,8,63,5,184,222
predict1_V08_T064,predict1,8,64,5,184,222
predict1_V08_T065,predict1,8,65,6,184,222
predict1_V08_T066,predict1,8,66,6,184,222
predict1_V08_T067,predict1,8,67,6,184,222
predict1_V08_T068,predict1,8,68,6,184,222
predict1_V08_T069,predict1,8,69,6,184,222
predict1_V08_T070,predict1,8,70,6,184,222
predict1_V08_T071,predict1,8,71,6,184,222
predict1_V08_T072,predict1,8,72,6,184,222
predict1_V08_T073,predict1,8,73,6,184,222
predict1_V08_T074,predict1,8,74,6,184,222
predict1_V08_T075,predict1,8,75,7,184,222
predict1_V08_T076,predict1,8,76,7,184,222
predict1_V08_T077,predict1,8,77,7,184,222
predict1_V08_T078,predict1,8,78,7,184,222
predict1_V08_T079,predict1,8,79,7,184,222
predict1_V08_T080,predict1,8,80,7,184,222
predict1_V08_T081,predict1,8,81,7,184,222
predict1_V08_T082,predict1,8,82,7,184,222
predict1_V08_T083,predict1,8,83,7,184,222
predict1_V08_T084,predict1,8,84,7,184,222
predict1_V08_T085,predict1,8,85,7,184,222
predict1_V08_T086,predict1,8,86,8,184,222
predict1_V08_T087,predict1,8,87,8,184,222
predict1_V08_T088,predict1,8,88,8,184,222
predict1_V08_T089,predict1,8,89,8,184,222
predict1_V08_T090,predict1,8,90,8,184,222
predict1_V08_T091,predict1,8,91,8,184,222
predict1_V08_T092,predict1,8,92,8,184,222
predict1_V08_T093,predict1,8,93,8,184,222
predict1_V08_T094,predict1,8,94,8,184,222
predict1_V08_T095,predict1,8,95,8,184,222
predict1_V08_T096,predict1,8,96,8,184,222
predict1_V08_T097,predict1,8,97,9,184,222
predict1_V08_T098,predict1,8,98,9,184,222
predict1_V08_T099,predict1,8,99,9,184,222
predict1_V08_T100,predict1,8,100,9,184,222
predict1_V08_T101,predict1,8,101,9,197,222
predict1_V08_T102,predict1,8,102,9,197,222
predict1_V08_T103,predict1,8,103,9,197,222
predict1_V08_T104,predict1,8,104,9,197,222
predict1_V08_T105,predict1,8,105,9,197,222
predict1_V08_T106,predict1,8,106,9,197,222
predict1_V09_T000,predict1,9,0,0,128,128
predict1_V09_T001,predict1,9,1,0,128,128
predict1_V09_T002,predict1,9,2,0,128,128
predict1_V09_T003,predict1,9,3,0,128,128
predict1_V09_T004,predict1,9,4,0,128,128
predict1_V09_T005,predict1,9,5,0,127,124
predict1_V09_T006,predict1,9,6,0,106,117
predict1_V09_T007,predict1,9,7,1,106,117
predict1_V09_T008,predict1,9,8,1,106,117
predict1_V09_T009,predict1,9,9,1,106,117
predict1_V09_T010,predict1,9,10,1,106,117
predict1_V09_T011,predict1,9,11,1,106,117
predict1_V09_T012,predict1,9,12,1,106,117
predict1_V09_T013,predict1,9,13,1,106,117
predict1_V09_T014,predict1,9,14,2,106,117
predict1_V09_T015,predict1,9,15,2,106,117
predict1_V09_T016,predict1,9,16,2,106,117
predict1_V09_T017,predict1,9,17,2,106,117
predict1_V09_T018,predict1,9,18,2,106,117
predict1_V09_T019,predict1,9,19,2,106,117
predict1_V09_T020,predict1,9,20,2,106,117
predict1_V09_T021,predict1,9,21,3,106,117
predict1_V09_T022,predict1,9,22,3,106,117
predict1_V09_T023,predict1,9,23,3,106,117
predict1_V09_T024,predict1,9,24,3,106,117
predict1_V09_T025,predict1,9,25,3,106,133
predict1_V09_T026,predict1,9,26,3,100,140
predict1_V09_T027,predict1,9,27,3,100,152
predict1_V09_T028,predict1,9,28,4,82,155
predict1_V09_T029,predict1,9,29,4,63,163
predict1_V09_T030,predict1,9,30,4,63,163
predict1_V09_T031,predict1,9,31,4,63,163
predict1_V09_T032,predict1,9,32,4,63,163
predict1_V09_T033,predict1,9,33,4,63,163
predict1_V09_T034,predict1,9,34,4,63,163
predict1_V09_T035,predict1,9,35,5,63,163
predict1_V09_T036,predict1,9,36,5,63,163
predict1_V09_T037,predict1,9,37,5,63,163
predict1_V09_T038,predict1,9,38,5,63,163
predict1_V09_T039,predict1,9,39,5,63,163
predict1_V09_T040,predict1,9,40,5,63,163
predict1_V09_T041,predict1,9,41,5,63,163
predict1_V09_T042,predict1,9,42,6,63,163
predict1_V09_T043,predict1,9,43,6,63,163
predict1_V09_T044,predict1,9,44,6,63,163
predict1_V09_T045,predict1,9,45,6,63,163
predict1_V09_T046,predict1,9,46,6,63,163
predict1_V09_T047,predict1,9,47,6,63,163
predict1_V09_T048,predict1,9,48,6,63,163
predict1_V09_T049,predict1,9,49,7,63,163
predict1_V09_T050,predict1,9,50,7,63,163
predict1_V09_T051,predict1,9,51,7,63,163
predict1_V09_T052,predict1,9,52,7,63,163
predict1_V09_T053,predict1,9,53,7,63,163
predict1_V09_T054,predict1,9,54,7,63,163
predict1_V09_T055,predict1,9,55,7,63,163
predict1_V09_T056,predict1,9,56,8,63,180
predict1_V09_T057,predict1,9,57,8,63,180
predict1_V09_T058,predict1,9,58,8,63,180
predict1_V09_T059,predict1,9,59,8,63,180
predict1_V09_T060,predict1,9,60,8,63,180
predict1_V09_T061,predict1,9,61,8,63,180
predict1_V09_T062,predict1,9,62,8,63,180
predict1_V09_T063,predict1,9,63,9,63,180
predict1_V09_T064,predict1,9,64,9,63,180
predict1_V09_T065,predict1,9,65,9,63,180
predict1_V09_T066,predict1,9,66,9,63,180
predict1_V09_T067,predict1,9,67,9,63,180
predict1_V09_T068,predict1,9,68,9,63,180
predict1_V09_T069,predict1,9,69,9,63,180
predict1_V10_T000,predict1,10,0,0,128,128
predict1_V10_T001,predict1,10,1,0,128,128
predict1_V10_T002,predict1,10,2,0,128,128
predict1_V10_T003,predict1,10,3,0,147,102
predict1_V10_T004,predict1,10,4,0,161,94
predict1_V10_T005,predict1,10,5,0,161,94
predict1_V10_T006,predict1,10,6,1,161,94
predict1_V10_T007,predict1,10,7,1,161,94
predict1_V10_T008,predict1,10,8,1,161,94
predict1_V10_T009,predict1,10,9,1,161,94
predict1_V10_T010,predict1,10,10,1,161,94
predict1_V10_T011,predict1,10,11,1,161,94
predict1_V10_T012,predict1,10,12,2,161,94
predict1_V10_T013,predict1,10,13,2,161,94
predict1_V10_T014,predict1,10,14,2,161,94
predict1_V10_T015,predict1,10,15,2,161,94
predict1_V10_T016,predict1,10,16,2,161,94
predict1_V10_T017,predict1,10,17,2,161,94
predict1_V10_T018,predict1,10,18,3,161,94
predict1_V10_T019,predict1,10,19,3,161,94
predict1_V10_T020,predict1,10,20,3,161,94
predict1_V10_T021,predict1,10,21,3,161,94
predict1_V10_T022,predict1,10,22,3,161,94
predict1_V10_T023,predict1,10,23,3,161,94
predict1_V10_T024,predict1,10,24,4,161,94
predict1_V10_T025,predict1,10,25,4,161,94
predict1_V10_T026,predict1,10,26,4,161,94
predict1_V10_T027,predict1,10,27,4,161,94
predict1_V10_T028,predict1,10,28,4,161,94
predict1_V10_T029,predict1,10,29,4,161,94
predict1_V10_T030,predict1,10,30,5,161,94
predict1_V10_T031,predict1,10,31,5,161,94
predict1_V10_T032,predict1,10,32,5,161,94
predict1_V10_T033,predict1,10,33,5,161,94
predict1_V10_T034,predict1,10,34,5,161,94
predict1_V10_T035,predict1,10,35,5,161,94
predict1_V10_T036,predict1,10,36,6,161,94
predict1_V10_T037,predict1,10,37,6,161,94
predict1_V10_T038,predict1,10,38,6,161,94
predict1_V10_T039,predict1,10,39,6,161,94
predict1_V10_T040,predict1,10,40,6,161,94
predict1_V10_T041,predict1,10,41,6,161,94
predict1_V10_T042,predict1,10,42,7,161,94
predict1_V10_T043,predict1,10,43,7,161,94
predict1_V10_T044,predict1,10,44,7,161,94
predict1_V10_T045,predict1,10,45,7,161,94
predict1_V10_T046,predict1,10,46,7,161,94
predict1_V10_T047,predict1,10,47,7,161,94
predict1_V10_T048,predict1,10,48,8,161,94
predict1_V10_T049,predict1,10,49,8,161,94
predict1_V10_T050,predict1,10,50,8,161,94
predict1_V10_T051,predict1,10,51,8,161,94
predict1_V10_T052,predict1,10,52,8,161,94
predict1_V10_T053,predict1,10,53,8,161,94
predict1_V10_T054,predict1,10,54,9,161,94
predict1_V10_T055,predict1,10,55,9,161,94
predict1_V10_T056,predict1,10,56,9,161,94
predict1_V10_T057,predict1,10,57,9,161,83
predict1_V10_T058,predict1,10,58,9,161,56
predict1_V10_T059,predict1,10,59,9,188,42
predict1_V11_T000,predict1,11,0,0,128,128
predict1_V11_T001,predict1,11,1,0,128,128
predict1_V11_T002,predict1,11,2,0,76,164
predict1_V11_T003,predict1,11,3,0,76,183
predict1_V11_T004,predict1,11,4,0,56,196
predict1_V11_T005,predict1,11,5,0,18,218
predict1_V11_T006,predict1,11,6,0,18,218
predict1_V11_T007,predict1,11,7,1,18,218
predict1_V11_T008,predict1,11,8,1,18,218
predict1_V11_T009,predict1,11,9,1,18,218
predict1_V11_T010,predict1,11,10,1,18,218
predict1_V11_T011,predict1,11,11,1,18,218
predict1_V11_T012,predict1,11,12,1,18,218
predict1_V11_T013,predict1,11,13,2,18,218
predict1_V11_T014,predict1,11,14,2,18,218
predict1_V11_T015,predict1,11,15,2,18,218
predict1_V11_T016,predict1,11,16,2,18,218
predict1_V11_T017,predict1,11,17,2,18,218
predict1_V11_T018,predict1,11,18,2,18,221
predict1_V11_T019,predict1,11,19,3,18,227
predict1_V11_T020,predict1,11,20,3,18,227
predict1_V11_T021,predict1,11,21,3,18,227
predict1_V11_T022,predict1,11,22,3,18,227
predict1_V11_T023,predict1,11,23,3,18,227
predict1_V11_T024,predict1,11,24,3,18,227
predict1_V11_T025,predict1,11,25,4,18,227
predict1_V11_T026,predict1,11,26,4,18,227
predict1_V11_T027,predict1,11,27,4,18,227
predict1_V11_T028,predict1,11,28,4,18,227
predict1_V11_T029,predict1,11,29,4,18,227
predict1_V11_T030,predict1,11,30,4,18,227
predict1_V11_T031,predict1,11,31,5,18,227
predict1_V11_T032,predict1,11,32,5,18,227
predict1_V11_T033,predict1,11,33,5,18,227
predict1_V11_T034,predict1,11,34,5,18,227
predict1_V11_T035,predict1,11,35,5,18,227
predict1_V11_T036,predict1,11,36,5,18,227
predict1_V11_T037,predict1,11,37,6,18,227
predict1_V11_T038,predict1,11,38,6,18,227
predict1_V11_T039,predict1,11,39,6,18,227
predict1_V11_T040,predict1,11,40,6,18,227
predict1_V11_T041,predict1,11,41,6,18,227
predict1_V11_T042,predict1,11,42,6,18,227
predict1_V11_T043,predict1,11,43,7,18,227
predict1_V11_T044,predict1,11,44,7,18,227
predict1_V11_T045,predict1,11,45,7,18,227
predict1_V11_T046,predict1,11,46,7,18,227
predict1_V11_T047,predict1,11,47,7,18,227
predict1_V11_T048,predict1,11,48,7,18,227
predict1_V11_T049,predict1,11,49,8,18,227
predict1_V11_T050,predict1,11,50,8,18,227
predict1_V11_T051,predict1,11,51,8,18,227
predict1_V11_T052,predict1,11,52,8,18,227
predict1_V11_T053,predict1,11,53,8,18,227
predict1_V11_T054,predict1,11,54,8,1,227
predict1_V11_T055,predict1,11,55,9,1,227
predict1_V11_T056,predict1,11,56,9,1,227
predict1_V11_T057,predict1,11,57,9,1,227
predict1_V11_T058,predict1,11,58,9,1,227
predict1_V11_T059,predict1,11,59,9,1,227
predict1_V11_T060,predict1,11,60,9,16,227
predict1_V12_T000,predict1,12,0,0,128,128
predict1_V12_T001,predict1,12,1,0,128,128
predict1_V12_T002,predict1,12,2,0,128,128
predict1_V12_T003,predict1,12,3,0,128,128
predict1_V12_T004,predict1,12,4,0,128,128
predict1_V12_T005,predict1,12,5,0,128,128
predict1_V12_T006,predict1,12,6,0,128,128
predict1_V12_T007,predict1,12,7,1,128,128
predict1_V12_T008,predict1,12,8,1,104,118
predict1_V12_T009,predict1,12,9,1,104,103
predict1_V12_T010,predict1,12,10,1,104,103
predict1_V12_T011,predict1,12,11,1,104,103
predict1_V12_T012,predict1,12,12,1,104,103
predict1_V12_T013,predict1,12,13,2,104,103
predict1_V12_T014,predict1,12,14,2,104,103
predict1_V12_T015,predict1,12,15,2,104,103
predict1_V12_T016,predict1,12,16,2,104,103
predict1_V12_T017,predict1,12,17,2,104,103
predict1_V12_T018,predict1,12,18,2,104,103
predict1_V12_T019,predict1,12,19,3,104,103
predict1_V12_T020,predict1,12,20,3,104,103
predict1_V12_T021,predict1,12,21,3,104,103
predict1_V12_T022,predict1,12,22,3,177,96
predict1_V12_T023,predict1,12,23,3,199,58
predict1_V12_T024,predict1,12,24,3,199,58
predict1_V12_T025,predict1,12,25,3,199,58
predict1_V12_T026,predict1,12,26,4,199,58
predict1_V12_T027,predict1,12,27,4,199,58
predict1_V12_T028,predict1,12,28,4,199,58
predict1_V12_T029,predict1,12,29,4,199,58
predict1_V12_T030,predict1,12,30,4,199,58
predict1_V12_T031,predict1,12,31,4,199,58
predict1_V12_T032,predict1,12,32,5,199,58
predict1_V12_T033,predict1,12,33,5,199,58
predict1_V12_T034,predict1,12,34,5,199,58
predict1_V12_T035,predict1,12,35,5,199,58
predict1_V12_T036,predict1,12,36,5,199,58
predict1_V12_T037,predict1,12,37,5,199,58
predict1_V12_T038,predict1,12,38,6,199,58
predict1_V12_T039,predict1,12,39,6,199,58
predict1_V12_T040,predict1,12,40,6,199,58
predict1_V12_T041,predict1,12,41,6,199,58
predict1_V12_T042,predict1,12,42,6,199,58
predict1_V12_T043,predict1,12,43,6,199,58
predict1_V12_T044,predict1,12,44,6,199,58
predict1_V12_T045,predict1,12,45,7,199,58
predict1_V12_T046,predict1,12,46,7,199,58
predict1_V12_T047,predict1,12,47,7,199,58
predict1_V12_T048,predict1,12,48,7,199,58
predict1_V12_T049,predict1,12,49,7,199,58
predict1_V12_T050,predict1,12,50,7,199,58
predict1_V12_T051,predict1,12,51,8,199,58
predict1_V12_T052,predict1,12,52,8,199,58
predict1_V12_T053,predict1,12,53,8,199,58
predict1_V12_T054,predict1,12,54,8,199,58
predict1_V12_T055,predict1,12,55,8,199,58
predict1_V12_T056,predict1,12,56,8,199,58
predict1_V12_T057,predict1,12,57,9,199,58
predict1_V12_T058,predict1,12,58,9,199,58
predict1_V12_T059,predict1,12,59,9,199,58
predict1_V12_T060,predict1,12,60,9,199,58
predict1_V12_T061,predict1,12,61,9,199,58
predict1_V12_T062,predict1,12,62,9,199,58
predict1_V13_T000,predict1,13,0,0,128,128
predict1_V13_T001,predict1,13,1,0,128,128
predict1_V13_T002,predict1,13,2,0,128,128
predict1_V13_T003,predict1,13,3,0,128,120
predict1_V13_T004,predict1,13,4,0,98,93
predict1_V13_T005,predict1,13,5,0,95,93
predict1_V13_T006,predict1,13,6,0,95,93
predict1_V13_T007,predict1,13,7,0,95,93
predict1_V13_T008,predict1,13,8,0,95,93
predict1_V13_T009,predict1,13,9,0,95,93
predict1_V13_T010,predict1,13,10,0,95,93
predict1_V13_T011,predict1,13,11,0,95,93
predict1_V13_T012,predict1,13,12,1,95,93
predict1_V13_T013,predict1,13,13,1,95,93
predict1_V13_T014,predict1,13,14,1,95,93
predict1_V13_T015,predict1,13,15,1,95,93
predict1_V13_T016,predict1,13,16,1,95,93
predict1_V13_T017,predict1,13,17,1,95,93
predict1_V13_T018,predict1,13,18,1,95,93
predict1_V13_T019,predict1,13,19,1,95,93
predict1_V13_T020,predict1,13,20,1,95,93
predict1_V13_T021,predict1,13,21,1,95,93
predict1_V13_T022,predict1,13,22,1,95,93
predict1_V13_T023,predict1,13,23,2,95,93
predict1_V13_T024,predict1,13,24,2,95,93
predict1_V13_T025,predict1,13,25,2,95,93
predict1_V13_T026,predict1,13,26,2,95,93
predict1_V13_T027,predict1,13,27,2,95,93
predict1_V13_T028,predict1,13,28,2,95,93
predict1_V13_T029,predict1,13,29,2,95,93
predict1_V13_T030,predict1,13,30,2,95,93
predict1_V13_T031,predict1,13,31,2,95,93
predict1_V13_T032,predict1,13,32,2,95,93
predict1_V13_T033,predict1,13,33,2,95,93
predict1_V13_T034,predict1,13,34,3,95,93
predict1_V13_T035,predict1,13,35,3,95,93
predict1_V13_T036,predict1,13,36,3,95,93
predict1_V13_T037,predict1,13,37,3,95,93
predict1_V13_T038,predict1,13,38,3,95,93
predict1_V13_T039,predict1,13,39,3,89,93
predict1_V13_T040,predict1,13,40,3,89,93
predict1_V13_T041,predict1,13,41,3,89,93
predict1_V13_T042,predict1,13,42,3,89,93
predict1_V13_T043,predict1,13,43,3,89,93
predict1_V13_T044,predict1,13,44,3,89,93
predict1_V13_T045,predict1,13,45,4,89,93
predict1_V13_T046,predict1,13,46,4,89,93
predict1_V13_T047,predict1,13,47,4,89,93
predict1_V13_T048,predict1,13,48,4,89,93
predict1_V13_T049,predict1,13,49,4,89,93
predict1_V13_T050,predict1,13,50,4,89,93
predict1_V13_T051,predict1,13,51,4,89,93
predict1_V13_T052,predict1,13,52,4,89,93
predict1_V13_T053,predict1,13,53,4,89,93
predict1_V13_T054,predict1,13,54,4,89,93
predict1_V13_T055,predict1,13,55,4,89,93
predict1_V13_T056,predict1,13,56,5,89,93
predict1_V13_T057,predict1,13,57,5,89,93
predict1_V13_T058,predict1,13,58,5,89,93
predict1_V13_T059,predict1,13,59,5,89,93
predict1_V13_T060,predict1,13,60,5,89,93
predict1_V13_T061,predict1,13,61,5,89,93
predict1_V13_T062,predict1,13,62,5,89,93
predict1_V13_T063,predict1,13,63,5,89,93
predict1_V13_T064,predict1,13,64,5,89,93
predict1_V13_T065,predict1,13,65,5,89,93
predict1_V13_T066,predict1,13,66,5,89,93
predict1_V13_T067,predict1,13,67,6,89,93
predict1_V13_T068,predict1,13,68,6,89,93
predict1_V13_T069,predict1,13,69,6,89,93
predict1_V13_T070,predict1,13,70,6,89,93
predict1_V13_T071,predict1,13,71,6,89,93
predict1_V13_T072,predict1,13,72,6,89,93
predict1_V13_T073,predict1,13,73,6,89,93
predict1_V13_T074,predict1,13,74,6,89,93
predict1_V13_T075,predict1,13,75,6,89,93
predict1_V13_T076,predict1,13,76,6,89,93
predict1_V13_T077,predict1,13,77,6,89,93
predict1_V13_T078,predict1,13,78,7,89,93
predict1_V13_T079,predict1,13,79,7,89,93
predict1_V13_T080,predict1,13,80,7,89,93
predict1_V13_T081,predict1,13,81,7,89,93
predict1_V13_T082,predict1,13,82,7,89,93
predict1_V13_T083,predict1,13,83,7,89,93
predict1_V13_T084,predict1,13,84,7,89,93
predict1_V13_T085,predict1,13,85,7,89,93
predict1_V13_T086,predict1,13,86,7,89,93
predict1_V13_T087,predict1,13,87,7,89,93
predict1_V13_T088,predict1,13,88,7,89,92
predict1_V13_T089,predict1,13,89,8,89,71
predict1_V13_T090,predict1,13,90,8,85,71
predict1_V13_T091,predict1,13,91,8,55,71
predict1_V13_T092,predict1,13,92,8,52,71
predict1_V13_T093,predict1,13,93,8,52,71
predict1_V13_T094,predict1,13,94,8,52,71
predict1_V13_T095,predict1,13,95,8,52,71
predict1_V13_T096,predict1,13,96,8,52,109
predict1_V13_T097,predict1,13,97,8,52,146
predict1_V13_T098,predict1,13,98,8,52,151
predict1_V13_T099,predict1,13,99,8,52,151
predict1_V13_T100,predict1,13,100,9,52,151
predict1_V13_T101,predict1,13,101,9,52,151
predict1_V13_T102,predict1,13,102,9,52,151
predict1_V13_T103,predict1,13,103,9,52,151
predict1_V13_T104,predict1,13,104,9,52,151
predict1_V13_T105,predict1,13,105,9,52,151
predict1_V13_T106,predict1,13,106,9,52,151
predict1_V13_T107,predict1,13,107,9,52,151
predict1_V13_T108,predict1,13,108,9,52,151
predict1_V13_T109,predict1,13,109,9,52,151
predict1_V13_T110,predict1,13,110,9,52,151
predict1_V14_T000,predict1,14,0,0,128,128
predict1_V14_T001,predict1,14,1,0,178,99
predict1_V14_T002,predict1,14,2,0,187,79
predict1_V14_T003,predict1,14,3,0,187,79
predict1_V14_T004,predict1,14,4,0,187,79
predict1_V14_T005,predict1,14,5,0,187,79
predict1_V14_T006,predict1,14,6,0,187,79
predict1_V14_T007,predict1,14,7,0,187,79
predict1_V14_T008,predict1,14,8,0,187,79
predict1_V14_T009,predict1,14,9,0,187,79
predict1_V14_T010,predict1,14,10,0,187,79
predict1_V14_T011,predict1,14,11,1,187,79
predict1_V14_T012,predict1,14,12,1,187,79
predict1_V14_T013,predict1,14,13,1,187,79
predict1_V14_T014,predict1,14,14,1,187,79
predict1_V14_T015,predict1,14,15,1,187,79
predict1_V14_T016,predict1,14,16,1,187,79
predict1_V14_T017,predict1,14,17,1,187,79
predict1_V14_T018,predict1,14,18,1,187,79
predict1_V14_T019,predict1,14,19,1,187,79
predict1_V14_T020,predict1,14,20,1,187,79
predict1_V14_T021,predict1,14,21,2,187,79
predict1_V14_T022,predict1,14,22,2,187,79
predict1_V14_T023,predict1,14,23,2,187,79
predict1_V14_T024,predict1,14,24,2,187,79
predict1_V14_T025,predict1,14,25,2,187,79
predict1_V14_T026,predict1,14,26,2,187,79
predict1_V14_T027,predict1,14,27,2,187,79
predict1_V14_T028,predict1,14,28,2,187,79
predict1_V14_T029,predict1,14,29,2,187,79
predict1_V14_T030,predict1,14,30,2,187,79
predict1_V14_T031,predict1,14,31,3,187,79
predict1_V14_T032,predict1,14,32,3,187,79
predict1_V14_T033,predict1,14,33,3,187,79
predict1_V14_T034,predict1,14,34,3,187,79
predict1_V14_T035,predict1,14,35,3,187,79
predict1_V14_T036,predict1,14,36,3,187,79
predict1_V14_T037,predict1,14,37,3,187,79
predict1_V14_T038,predict1,14,38,3,187,79
predict1_V14_T039,predict1,14,39,3,187,79
predict1_V14_T040,predict1,14,40,3,187,79
predict1_V14_T041,predict1,14,41,3,187,79
predict1_V14_T042,predict1,14,42,4,187,79
predict1_V14_T043,predict1,14,43,4,187,73
predict1_V14_T044,predict1,14,44,4,187,52
predict1_V14_T045,predict1,14,45,4,191,35
predict1_V14_T046,predict1,14,46,4,191,35
predict1_V14_T047,predict1,14,47,4,191,35
predict1_V14_T048,predict1,14,48,4,191,35
predict1_V14_T049,predict1,14,49,4,191,35
predict1_V14_T050,predict1,14,50,4,191,35
predict1_V14_T051,predict1,14,51,4,191,35
predict1_V14_T052,predict1,14,52,5,191,35
predict1_V14_T053,predict1,14,53,5,191,35
predict1_V14_T054,predict1,14,54,5,191,35
predict1_V14_T055,predict1,14,55,5,191,35
predict1_V14_T056,predict1,14,56,5,191,35
predict1_V14_T057,predict1,14,57,5,191,35
predict1_V14_T058,predict1,14,58,5,191,35
predict1_V14_T059,predict1,14,59,5,191,35
predict1_V14_T060,predict1,14,60,5,191,35
predict1_V14_T061,predict1,14,61,5,191,35
predict1_V14_T062,predict1,14,62,6,191,35
predict1_V14_T063,predict1,14,63,6,191,35
predict1_V14_T064,predict1,14,64,6,191,35
predict1_V14_T065,predict1,14,65,6,191,35
predict1_V14_T066,predict1,14,66,6,191,35
predict1_V14_T067,predict1,14,67,6,191,35
predict1_V14_T068,predict1,14,68,6,191,35
predict1_V14_T069,predict1,14,69,6,191,35
predict1_V14_T070,predict1,14,70,6,191,35
predict1_V14_T071,predict1,14,71,6,191,35
predict1_V14_T072,predict1,14,72,6,191,35
predict1_V14_T073,predict1,14,73,7,191,35
predict1_V14_T074,predict1,14,74,7,191,35
predict1_V14_T075,predict1,14,75,7,191,35
predict1_V14_T076,predict1,14,76,7,191,35
predict1_V14_T077,predict1,14,77,7,191,35
predict1_V14_T078,predict1,14,78,7,191,35
predict1_V14_T079,predict1,14,79,7,191,35
predict1_V14_T080,predict1,14,80,7,191,35
predict1_V14_T081,predict1,14,81,7,191,35
predict1_V14_T082,predict1,14,82,7,191,35
predict1_V14_T083,predict1,14,83,8,191,35
predict1_V14_T084,predict1,14,84,8,191,35
predict1_V14_T085,predict1,14,85,8,191,35
predict1_V14_T086,predict1,14,86,8,191,35
predict1_V14_T087,predict1,14,87,8,191,35
predict1_V14_T088,predict1,14,88,8,191,35
predict1_V14_T089,predict1,14,89,8,191,35
predict1_V14_T090,predict1,14,90,8,191,35
predict1_V14_T091,predict1,14,91,8,191,35
predict1_V14_T092,predict1,14,92,8,191,35
predict1_V14_T093,predict1,14,93,9,191,35
predict1_V14_T094,predict1,14,94,9,191,35
predict1_V14_T095,predict1,14,95,9,191,35
predict1_V14_T096,predict1,14,96,9,191,35
predict1_V14_T097,predict1,14,97,9,191,35
predict1_V14_T098,predict1,14,98,9,191,35
predict1_V14_T099,predict1,14,99,9,191,35
predict1_V14_T100,predict1,14,100,9,191,35
predict1_V14_T101,predict1,14,101,9,191,35
predict1_V14_T102,predict1,14,102,9,191,35
predict1_V15_T000,predict1,15,0,0,128,128
predict1_V15_T001,predict1,15,1,0,128,128
predict1_V15_T002,predict1,15,2,0,131,140
predict1_V15_T003,predict1,15,3,0,151,92
predict1_V15_T004,predict1,15,4,0,163,90
predict1_V15_T005,predict1,15,5,0,164,159
predict1_V15_T006,predict1,15,6,0,171,159
predict1_V15_T007,predict1,15,7,0,171,159
predict1_V15_T008,predict1,15,8,0,171,159
predict1_V15_T009,predict1,15,9,0,171,159
predict1_V15_T010,predict1,15,10,0,171,159
predict1_V15_T011,predict1,15,11,0,171,159
predict1_V15_T012,predict1,15,12,0,171,159
predict1_V15_T013,predict1,15,13,0,171,159
predict1_V15_T014,predict1,15,14,0,175,159
predict1_V15_T015,predict1,15,15,0,175,159
predict1_V15_T016,predict1,15,16,0,175,159
predict1_V15_T017,predict1,15,17,1,175,159
predict1_V15_T018,predict1,15,18,1,175,159
predict1_V15_T019,predict1,15,19,1,175,159
predict1_V15_T020,predict1,15,20,1,175,159
predict1_V15_T021,predict1,15,21,1,175,159
predict1_V15_T022,predict1,15,22,1,175,159
predict1_V15_T023,predict1,15,23,1,175,159
predict1_V15_T024,predict1,15,24,1,175,159
predict1_V15_T025,predict1,15,25,1,175,159
predict1_V15_T026,predict1,15,26,1,175,159
predict1_V15_T027,predict1,15,27,1,175,159
predict1_V15_T028,predict1,15,28,1,175,159
predict1_V15_T029,predict1,15,29,1,175,180
predict1_V15_T030,predict1,15,30,1,193,180
predict1_V15_T031,predict1,15,31,1,193,180
predict1_V15_T032,predict1,15,32,1,193,180
predict1_V15_T033,predict1,15,33,1,193,180
predict1_V15_T034,predict1,15,34,2,193,180
predict1_V15_T035,predict1,15,35,2,193,180
predict1_V15_T036,predict1,15,36,2,193,180
predict1_V15_T037,predict1,15,37,2,193,180
predict1_V15_T038,predict1,15,38,2,193,180
predict1_V15_T039,predict1,15,39,2,193,180
predict1_V15_T040,predict1,15,40,2,193,180
predict1_V15_T041,predict1,15,41,2,193,180
predict1_V15_T042,predict1,15,42,2,193,180
predict1_V15_T043,predict1,15,43,2,193,180
predict1_V15_T044,predict1,15,44,2,193,180
predict1_V15_T045,predict1,15,45,2,193,180
predict1_V15_T046,predict1,15,46,2,193,180
predict1_V15_T047,predict1,15,47,2,193,180
predict1_V15_T048,predict1,15,48,2,193,180
predict1_V15_T049,predict1,15,49,2,193,180
predict1_V15_T050,predict1,15,50,2,193,180
predict1_V15_T051,predict1,15,51,3,193,180
predict1_V15_T052,predict1,15,52,3,193,180
predict1_V15_T053,predict1,15,53,3,193,180
predict1_V15_T054,predict1,15,54,3,193,180
predict1_V15_T055,predict1,15,55,3,193,180
predict1_V15_T056,predict1,15,56,3,193,180
predict1_V15_T057,predict1,15,57,3,193,180
predict1_V15_T058,predict1,15,58,3,193,180
predict1_V15_T059,predict1,15,59,3,193,180
predict1_V15_T060,predict1,15,60,3,193,180
predict1_V15_T061,predict1,15,61,3,193,180
predict1_V15_T062,predict1,15,62,3,193,180
predict1_V15_T063,predict1,15,63,3,193,180
predict1_V15_T064,predict1,15,64,3,193,180
predict1_V15_T065,predict1,15,65,3,193,180
predict1_V15_T066,predict1,15,66,3,193,180
predict1_V15_T067,predict1,15,67,3,193,180
predict1_V15_T068,predict1,15,68,4,193,180
predict1_V15_T069,predict1,15,69,4,193,180
predict1_V15_T070,predict1,15,70,4,193,180
predict1_V15_T071,predict1,15,71,4,193,180
predict1_V15_T072,predict1,15,72,4,193,180
predict1_V15_T073,predict1,15,73,4,193,180
predict1_V15_T074,predict1,15,74,4,193,180
predict1_V15_T075,predict1,15,75,4,193,180
predict1_V15_T076,predict1,15,76,4,193,180
predict1_V15_T077,predict1,15,77,4,193,180
predict1_V15_T078,predict1,15,78,4,193,180
predict1_V15_T079,predict1,15,79,4,193,180
predict1_V15_T080,predict1,15,80,4,193,180
predict1_V15_T081,predict1,15,81,4,193,180
predict1_V15_T082,predict1,15,82,4,193,180
predict1_V15_T083,predict1,15,83,4,193,180
predict1_V15_T084,predict1,15,84,4,193,180
predict1_V15_T085,predict1,15,85,5,193,180
predict1_V15_T086,predict1,15,86,5,193,180
predict1_V15_T087,predict1,15,87,5,193,180
predict1_V15_T088,predict1,15,88,5,193,180
predict1_V15_T089,predict1,15,89,5,193,180
predict1_V15_T090,predict1,15,90,5,193,180
predict1_V15_T091,predict1,15,91,5,193,180
predict1_V15_T092,predict1,15,92,5,193,180
predict1_V15_T093,predict1,15,93,5,193,180
predict1_V15_T094,predict1,15,94,5,193,180
predict1_V15_T095,predict1,15,95,5,193,180
predict1_V15_T096,predict1,15,96,5,193,180
predict1_V15_T097,predict1,15,97,5,193,180
predict1_V15_T098,predict1,15,98,5,193,180
predict1_V15_T099,predict1,15,99,5,193,180
predict1_V15_T100,predict1,15,100,5,193,180
predict1_V15_T101,predict1,15,101,5,193,180
predict1_V15_T102,predict1,15,102,6,193,180
predict1_V15_T103,predict1,15,103,6,193,180
predict1_V15_T104,predict1,15,104,6,193,180
predict1_V15_T105,predict1,15,105,6,193,180
predict1_V15_T106,predict1,15,106,6,193,180
predict1_V15_T107,predict1,15,107,6,193,180
predict1_V15_T108,predict1,15,108,6,193,180
predict1_V15_T109,predict1,15,109,6,193,180
predict1_V15_T110,predict1,15,110,6,193,180
predict1_V15_T111,predict1,15,111,6,193,180
predict1_V15_T112,predict1,15,112,6,193,180
predict1_V15_T113,predict1,15,113,6,193,180
predict1_V15_T114,predict1,15,114,6,193,180
predict1_V15_T115,predict1,15,115,6,193,180
predict1_V15_T116,predict1,15,116,6,193,180
predict1_V15_T117,predict1,15,117,6,193,180
predict1_V15_T118,predict1,15,118,6,193,180
predict1_V15_T119,predict1,15,119,7,193,180
predict1_V15_T120,predict1,15,120,7,193,180
predict1_V15_T121,predict1,15,121,7,193,180
predict1_V15_T122,predict1,15,122,7,193,180
predict1_V15_T123,predict1,15,123,7,193,180
predict1_V15_T124,predict1,15,124,7,193,180
predict1_V15_T125,predict1,15,125,7,193,180
predict1_V15_T126,predict1,15,126,7,193,180
predict1_V15_T127,predict1,15,127,7,193,180
predict1_V15_T128,predict1,15,128,7,193,180
predict1_V15_T129,predict1,15,129,7,193,180
predict1_V15_T130,predict1,15,130,7,193,180
predict1_V15_T131,predict1,15,131,7,193,180
predict1_V15_T132,predict1,15,132,7,193,180
predict1_V15_T133,predict1,15,133,7,193,180
predict1_V15_T134,predict1,15,134,7,193,180
predict1_V15_T135,predict1,15,135,7,193,180
predict1_V15_T136,predict1,15,136,8,193,180
predict1_V15_T137,predict1,15,137,8,193,180
predict1_V15_T138,predict1,15,138,8,193,180
predict1_V15_T139,predict1,15,139,8,193,180
predict1_V15_T140,predict1,15,140,8,193,180
predict1_V15_T141,predict1,15,141,8,193,180
predict1_V15_T142,predict1,15,142,8,193,180
predict1_V15_T143,predict1,15,143,8,193,180
predict1_V15_T144,predict1,15,144,8,193,180
predict1_V15_T145,predict1,15,145,8,193,180
predict1_V15_T146,predict1,15,146,8,193,180
predict1_V15_T147,predict1,15,147,8,193,180
predict1_V15_T148,predict1,15,148,8,193,180
predict1_V15_T149,predict1,15,149,8,193,180
predict1_V15_T150,predict1,15,150,8,193,180
predict1_V15_T151,predict1,15,151,8,193,180
predict1_V15_T152,predict1,15,152,8,193,180
predict1_V15_T153,predict1,15,153,9,193,180
predict1_V15_T154,predict1,15,154,9,193,180
predict1_V15_T155,predict1,15,155,9,193,180
predict1_V15_T156,predict1,15,156,9,193,180
predict1_V15_T157,predict1,15,157,9,193,180
predict1_V15_T158,predict1,15,158,9,193,180
predict1_V15_T159,predict1,15,159,9,193,180
predict1_V15_T160,predict1,15,160,9,193,180
predict1_V15_T161,predict1,15,161,9,193,180
predict1_V15_T162,predict1,15,162,9,193,180
predict1_V15_T163,predict1,15,163,9,193,180
predict1_V15_T164,predict1,15,164,9,193,180
predict1_V15_T165,predict1,15,165,9,193,180
predict1_V15_T166,predict1,15,166,9,193,180
predict1_V15_T167,predict1,15,167,9,193,180
predict1_V15_T168,predict1,15,168,9,193,180
predict1_V15_T169,predict1,15,169,9,193,180
predict2_V01_T000,predict2,1,0,0,128,128
predict2_V01_T001,predict2,1,1,0,128,128
predict2_V01_T002,predict2,1,2,0,128,128
predict2_V01_T003,predict2,1,3,0,128,128
predict2_V01_T004,predict2,1,4,0,128,128
predict2_V01_T005,predict2,1,5,0,155,128
predict2_V01_T006,predict2,1,6,0,159,128
predict2_V01_T007,predict2,1,7,0,179,128
predict2_V01_T008,predict2,1,8,0,179,128
predict2_V01_T009,predict2,1,9,0,179,128
predict2_V01_T010,predict2,1,10,0,179,128
predict2_V01_T011,predict2,1,11,0,179,128
predict2_V01_T012,predict2,1,12,0,179,128
predict2_V01_T013,predict2,1,13,0,179,128
predict2_V01_T014,predict2,1,14,1,179,128
predict2_V01_T015,predict2,1,15,1,179,128
predict2_V01_T016,predict2,1,16,1,179,128
predict2_V01_T017,predict2,1,17,1,179,128
predict2_V01_T018,predict2,1,18,1,179,128
predict2_V01_T019,predict2,1,19,1,179,128
predict2_V01_T020,predict2,1,20,1,179,128
predict2_V01_T021,predict2,1,21,1,179,128
predict2_V01_T022,predict2,1,22,1,179,128
predict2_V01_T023,predict2,1,23,1,179,128
predict2_V01_T024,predict2,1,24,1,179,128
predict2_V01_T025,predict2,1,25,1,179,128
predict2_V01_T026,predict2,1,26,1,179,128
predict2_V01_T027,predict2,1,27,2,179,128
predict2_V01_T028,predict2,1,28,2,179,128
predict2_V01_T029,predict2,1,29,2,179,128
predict2_V01_T030,predict2,1,30,2,179,128
predict2_V01_T031,predict2,1,31,2,179,128
predict2_V01_T032,predict2,1,32,2,179,128
predict2_V01_T033,predict2,1,33,2,179,128
predict2_V01_T034,predict2,1,34,2,179,128
predict2_V01_T035,predict2,1,35,2,179,128
predict2_V01_T036,predict2,1,36,2,179,128
predict2_V01_T037,predict2,1,37,2,179,128
predict2_V01_T038,predict2,1,38,2,179,128
predict2_V01_T039,predict2,1,39,2,179,128
predict2_V01_T040,predict2,1,40,2,179,128
predict2_V01_T041,predict2,1,41,3,179,128
predict2_V01_T042,predict2,1,42,3,179,128
predict2_V01_T043,predict2,1,43,3,179,108
predict2_V01_T044,predict2,1,44,3,179,101
predict2_V01_T045,predict2,1,45,3,179,92
predict2_V01_T046,predict2,1,46,3,179,84
predict2_V01_T047,predict2,1,47,3,179,84
predict2_V01_T048,predict2,1,48,3,179,84
predict2_V01_T049,predict2,1,49,3,179,84
predict2_V01_T050,predict2,1,50,3,179,84
predict2_V01_T051,predict2,1,51,3,179,84
predict2_V01_T052,predict2,1,52,3,179,84
predict2_V01_T053,predict2,1,53,3,179,84
predict2_V01_T054,predict2,1,54,4,179,84
predict2_V01_T055,predict2,1,55,4,179,84
predict2_V01_T056,predict2,1,56,4,179,84
predict2_V01_T057,predict2,1,57,4,179,84
predict2_V01_T058,predict2,1,58,4,179,84
predict2_V01_T059,predict2,1,59,4,179,84
predict2_V01_T060,predict2,1,60,4,179,84
predict2_V01_T061,predict2,1,61,4,179,84
predict2_V01_T062,predict2,1,62,4,179,84
predict2_V01_T063,predict2,1,63,4,179,84
predict2_V01_T064,predict2,1,64,4,179,84
predict2_V01_T065,predict2,1,65,4,179,84
predict2_V01_T066,predict2,1,66,4,179,84
predict2_V01_T067,predict2,1,67,4,179,84
predict2_V01_T068,predict2,1,68,5,179,84
predict2_V01_T069,predict2,1,69,5,179,84
predict2_V01_T070,predict2,1,70,5,179,84
predict2_V01_T071,predict2,1,71,5,179,84
predict2_V01_T072,predict2,1,72,5,179,84
predict2_V01_T073,predict2,1,73,5,179,84
predict2_V01_T074,predict2,1,74,5,179,84
predict2_V01_T075,predict2,1,75,5,179,84
predict2_V01_T076,predict2,1,76,5,179,63
predict2_V01_T077,predict2,1,77,5,179,63
predict2_V01_T078,predict2,1,78,5,179,63
predict2_V01_T079,predict2,1,79,5,168,50
predict2_V01_T080,predict2,1,80,5,126,50
predict2_V01_T081,predict2,1,81,6,126,50
predict2_V01_T082,predict2,1,82,6,126,50
predict2_V01_T083,predict2,1,83,6,126,50
predict2_V01_T084,predict2,1,84,6,126,50
predict2_V01_T085,predict2,1,85,6,126,50
predict2_V01_T086,predict2,1,86,6,126,50
predict2_V01_T087,predict2,1,87,6,126,50
predict2_V01_T088,predict2,1,88,6,126,50
predict2_V01_T089,predict2,1,89,6,126,50
predict2_V01_T090,predict2,1,90,6,126,50
predict2_V01_T091,predict2,1,91,6,126,50
predict2_V01_T092,predict2,1,92,6,126,50
predict2_V01_T093,predict2,1,93,6,126,50
predict2_V01_T094,predict2,1,94,6,126,50
predict2_V01_T095,predict2,1,95,7,126,50
predict2_V01_T096,predict2,1,96,7,126,50
predict2_V01_T097,predict2,1,97,7,126,50
predict2_V01_T098,predict2,1,98,7,126,50
predict2_V01_T099,predict2,1,99,7,126,50
predict2_V01_T100,predict2,1,100,7,126,50
predict2_V01_T101,predict2,1,101,7,126,50
predict2_V01_T102,predict2,1,102,7,126,50
predict2_V01_T103,predict2,1,103,7,126,50
predict2_V01_T104,predict2,1,104,7,126,50
predict2_V01_T105,predict2,1,105,7,126,50
predict2_V01_T106,predict2,1,106,7,126,50
predict2_V01_T107,predict2,1,107,7,126,50
predict2_V01_T108,predict2,1,108,8,126,50
predict2_V01_T109,predict2,1,109,8,126,50
predict2_V01_T110,predict2,1,110,8,126,50
predict2_V01_T111,predict2,1,111,8,126,50
predict2_V01_T112,predict2,1,112,8,126,50
predict2_V01_T113,predict2,1,113,8,126,50
predict2_V01_T114,predict2,1,114,8,126,50
predict2_V01_T115,predict2,1,115,8,126,50
predict2_V01_T116,predict2,1,116,8,126,50
predict2_V01_T117,predict2,1,117,8,126,50
predict2_V01_T118,predict2,1,118,8,126,50
predict2_V01_T119,predict2,1,119,8,126,50
predict2_V01_T120,predict2,1,120,8,126,50
predict2_V01_T121,predict2,1,121,8,126,50
predict2_V01_T122,predict2,1,122,9,126,50
predict2_V01_T123,predict2,1,123,9,126,50
predict2_V01_T124,predict2,1,124,9,126,50
predict2_V01_T125,predict2,1,125,9,126,50
predict2_V01_T126,predict2,1,126,9,126,50
predict2_V01_T127,predict2,1,127,9,126,50
predict2_V01_T128,predict2,1,128,9,126,50
predict2_V01_T129,predict2,1,129,9,126,50
predict2_V01_T130,predict2,1,130,9,126,50
predict2_V01_T131,predict2,1,131,9,126,50
predict2_V01_T132,predict2,1,132,9,126,50
predict2_V01_T133,predict2,1,133,9,126,50
predict2_V01_T134,predict2,1,134,9,126,50
predict2_V02_T000,predict2,2,0,0,128,128
predict2_V02_T001,predict2,2,1,0,128,128
predict2_V02_T002,predict2,2,2,0,128,128
predict2_V02_T003,predict2,2,3,0,128,128
predict2_V02_T004,predict2,2,4,0,128,128
predict2_V02_T005,predict2,2,5,0,128,128
predict2_V02_T006,predict2,2,6,0,128,128
predict2_V02_T007,predict2,2,7,0,150,128
predict2_V02_T008,predict2,2,8,0,171,120
predict2_V02_T009,predict2,2,9,0,171,120
predict2_V02_T010,predict2,2,10,0,144,120
predict2_V02_T011,predict2,2,11,0,136,120
predict2_V02_T012,predict2,2,12,0,113,120
predict2_V02_T013,predict2,2,13,0,113,120
predict2_V02_T014,predict2,2,14,1,120,120
predict2_V02_T015,predict2,2,15,1,120,120
predict2_V02_T016,predict2,2,16,1,120,120
predict2_V02_T017,predict2,2,17,1,120,120
predict2_V02_T018,predict2,2,18,1,120,120
predict2_V02_T019,predict2,2,19,1,120,120
predict2_V02_T020,predict2,2,20,1,120,120
predict2_V02_T021,predict2,2,21,1,120,120
predict2_V02_T022,predict2,2,22,1,120,120
predict2_V02_T023,predict2,2,23,1,120,120
predict2_V02_T024,predict2,2,24,1,120,120
predict2_V02_T025,predict2,2,25,1,120,120
predict2_V02_T026,predict2,2,26,1,120,120
predict2_V02_T027,predict2,2,27,1,120,120
predict2_V02_T028,predict2,2,28,2,120,120
predict2_V02_T029,predict2,2,29,2,120,120
predict2_V02_T030,predict2,2,30,2,120,120
predict2_V02_T031,predict2,2,31,2,120,120
predict2_V02_T032,predict2,2,32,2,120,120
predict2_V02_T033,predict2,2,33,2,120,120
predict2_V02_T034,predict2,2,34,2,120,120
predict2_V02_T035,predict2,2,35,2,120,120
predict2_V02_T036,predict2,2,36,2,120,120
predict2_V02_T037,predict2,2,37,2,120,120
predict2_V02_T038,predict2,2,38,2,79,112
predict2_V02_T039,predict2,2,39,2,27,112
predict2_V02_T040,predict2,2,40,2,1,87
predict2_V02_T041,predict2,2,41,2,16,87
predict2_V02_T042,predict2,2,42,3,16,87
predict2_V02_T043,predict2,2,43,3,16,87
predict2_V02_T044,predict2,2,44,3,16,87
predict2_V02_T045,predict2,2,45,3,16,87
predict2_V02_T046,predict2,2,46,3,16,87
predict2_V02_T047,predict2,2,47,3,16,87
predict2_V02_T048,predict2,2,48,3,16,87
predict2_V02_T049,predict2,2,49,3,16,87
predict2_V02_T050,predict2,2,50,3,16,87
predict2_V02_T051,predict2,2,51,3,16,87
predict2_V02_T052,predict2,2,52,3,16,87
predict2_V02_T053,predict2,2,53,3,16,87
predict2_V02_T054,predict2,2,54,3,16,87
predict2_V02_T055,predict2,2,55,4,16,87
predict2_V02_T056,predict2,2,56,4,16,87
predict2_V02_T057,predict2,2,57,4,16,87
predict2_V02_T058,predict2,2,58,4,16,87
predict2_V02_T059,predict2,2,59,4,16,87
predict2_V02_T060,predict2,2,60,4,16,87
predict2_V02_T061,predict2,2,61,4,16,87
predict2_V02_T062,predict2,2,62,4,16,87
predict2_V02_T063,predict2,2,63,4,16,87
predict2_V02_T064,predict2,2,64,4,16,87
predict2_V02_T065,predict2,2,65,4,16,87
predict2_V02_T066,predict2,2,66,4,16,87
predict2_V02_T067,predict2,2,67,4,16,87
predict2_V02_T068,predict2,2,68,4,16,87
predict2_V02_T069,predict2,2,69,5,16,87
predict2_V02_T070,predict2,2,70,5,16,85
predict2_V02_T071,predict2,2,71,5,16,74
predict2_V02_T072,predict2,2,72,5,16,74
predict2_V02_T073,predict2,2,73,5,16,74
predict2_V02_T074,predict2,2,74,5,16,74
predict2_V02_T075,predict2,2,75,5,16,74
predict2_V02_T076,predict2,2,76,5,16,74
predict2_V02_T077,predict2,2,77,5,16,74
predict2_V02_T078,predict2,2,78,5,16,74
predict2_V02_T079,predict2,2,79,5,16,74
predict2_V02_T080,predict2,2,80,5,16,74
predict2_V02_T081,predict2,2,81,5,16,74
predict2_V02_T082,predict2,2,82,5,16,74
predict2_V02_T083,predict2,2,83,6,16,74
predict2_V02_T084,predict2,2,84,6,16,74
predict2_V02_T085,predict2,2,85,6,16,74
predict2_V02_T086,predict2,2,86,6,16,74
predict2_V02_T087,predict2,2,87,6,16,74
predict2_V02_T088,predict2,2,88,6,16,74
predict2_V02_T089,predict2,2,89,6,16,74
predict2_V02_T090,predict2,2,90,6,16,74
predict2_V02_T091,predict2,2,91,6,16,74
predict2_V02_T092,predict2,2,92,6,16,74
predict2_V02_T093,predict2,2,93,6,16,74
predict2_V02_T094,predict2,2,94,6,16,74
predict2_V02_T095,predict2,2,95,6,16,74
predict2_V02_T096,predict2,2,96,7,16,74
predict2_V02_T097,predict2,2,97,7,16,74
predict2_V02_T098,predict2,2,98,7,16,74
predict2_V02_T099,predict2,2,99,7,16,74
predict2_V02_T100,predict2,2,100,7,16,74
predict2_V02_T101,predict2,2,101,7,16,74
predict2_V02_T102,predict2,2,102,7,16,74
predict2_V02_T103,predict2,2,103,7,16,74
predict2_V02_T104,predict2,2,104,7,16,74
predict2_V02_T105,predict2,2,105,7,16,74
predict2_V02_T106,predict2,2,106,7,16,74
predict2_V02_T107,predict2,2,107,7,16,74
predict2_V02_T108,predict2,2,108,7,16,74
predict2_V02_T109,predict2,2,109,7,16,74
predict2_V02_T110,predict2,2,110,8,16,74
predict2_V02_T111,predict2,2,111,8,16,74
predict2_V02_T112,predict2,2,112,8,16,74
predict2_V02_T113,predict2,2,113,8,16,74
predict2_V02_T114,predict2,2,114,8,16,74
predict2_V02_T115,predict2,2,115,8,16,74
predict2_V02_T116,predict2,2,116,8,16,74
predict2_V02_T117,predict2,2,117,8,16,74
predict2_V02_T118,predict2,2,118,8,16,74
predict2_V02_T119,predict2,2,119,8,16,74
predict2_V02_T120,predict2,2,120,8,16,60
predict2_V02_T121,predict2,2,121,8,16,60
predict2_V02_T122,predict2,2,122,8,16,60
predict2_V02_T123,predict2,2,123,8,16,60
predict2_V02_T124,predict2,2,124,9,16,60
predict2_V02_T125,predict2,2,125,9,16,60
predict2_V02_T126,predict2,2,126,9,16,60
predict2_V02_T127,predict2,2,127,9,16,60
predict2_V02_T128,predict2,2,128,9,16,60
predict2_V02_T129,predict2,2,129,9,16,60
predict2_V02_T130,predict2,2,130,9,16,60
predict2_V02_T131,predict2,2,131,9,16,60
predict2_V02_T132,predict2,2,132,9,16,60
predict2_V02_T133,predict2,2,133,9,16,60
predict2_V02_T134,predict2,2,134,9,16,60
predict2_V02_T135,predict2,2,135,9,16,60
predict2_V02_T136,predict2,2,136,9,16,60
predict2_V03_T000,predict2,3,0,0,194,128
predict2_V03_T001,predict2,3,1,0,210,128
predict2_V03_T002,predict2,3,2,0,210,128
predict2_V03_T003,predict2,3,3,0,210,128
predict2_V03_T004,predict2,3,4,0,210,128
predict2_V03_T005,predict2,3,5,0,210,128
predict2_V03_T006,predict2,3,6,0,210,128
predict2_V03_T007,predict2,3,7,0,210,128
predict2_V03_T008,predict2,3,8,0,210,128
predict2_V03_T009,predict2,3,9,1,210,128
predict2_V03_T010,predict2,3,10,1,210,128
predict2_V03_T011,predict2,3,11,1,155,128
predict2_V03_T012,predict2,3,12,1,68,128
predict2_V03_T013,predict2,3,13,1,49,128
predict2_V03_T014,predict2,3,14,1,49,182
predict2_V03_T015,predict2,3,15,1,49,190
predict2_V03_T016,predict2,3,16,1,35,190
predict2_V03_T017,predict2,3,17,1,35,190
predict2_V03_T018,predict2,3,18,2,35,190
predict2_V03_T019,predict2,3,19,2,35,190
predict2_V03_T020,predict2,3,20,2,35,190
predict2_V03_T021,predict2,3,21,2,35,190
predict2_V03_T022,predict2,3,22,2,23,190
predict2_V03_T023,predict2,3,23,2,23,190
predict2_V03_T024,predict2,3,24,2,23,190
predict2_V03_T025,predict2,3,25,2,23,190
predict2_V03_T026,predict2,3,26,2,23,190
predict2_V03_T027,predict2,3,27,3,23,190
predict2_V03_T028,predict2,3,28,3,23,190
predict2_V03_T029,predict2,3,29,3,23,190
predict2_V03_T030,predict2,3,30,3,23,190
predict2_V03_T031,predict2,3,31,3,23,190
predict2_V03_T032,predict2,3,32,3,23,190
predict2_V03_T033,predict2,3,33,3,23,190
predict2_V03_T034,predict2,3,34,3,23,190
predict2_V03_T035,predict2,3,35,3,23,190
predict2_V03_T036,predict2,3,36,4,23,190
predict2_V03_T037,predict2,3,37,4,23,190
predict2_V03_T038,predict2,3,38,4,23,190
predict2_V03_T039,predict2,3,39,4,23,190
predict2_V03_T040,predict2,3,40,4,23,190
predict2_V03_T041,predict2,3,41,4,23,190
predict2_V03_T042,predict2,3,42,4,23,190
predict2_V03_T043,predict2,3,43,4,23,190
predict2_V03_T044,predict2,3,44,4,23,190
predict2_V03_T045,predict2,3,45,5,23,190
predict2_V03_T046,predict2,3,46,5,23,220
predict2_V03_T047,predict2,3,47,5,23,220
predict2_V03_T048,predict2,3,48,5,23,220
predict2_V03_T049,predict2,3,49,5,23,220
predict2_V03_T050,predict2,3,50,5,23,220
predict2_V03_T051,predict2,3,51,5,23,220
predict2_V03_T052,predict2,3,52,5,23,220
predict2_V03_T053,predict2,3,53,5,23,220
predict2_V03_T054,predict2,3,54,6,12,235
predict2_V03_T055,predict2,3,55,6,12,253
predict2_V03_T056,predict2,3,56,6,12,253
predict2_V03_T057,predict2,3,57,6,12,253
predict2_V03_T058,predict2,3,58,6,12,253
predict2_V03_T059,predict2,3,59,6,12,253
predict2_V03_T060,predict2,3,60,6,12,253
predict2_V03_T061,predict2,3,61,6,12,253
predict2_V03_T062,predict2,3,62,6,12,253
predict2_V03_T063,predict2,3,63,7,12,253
predict2_V03_T064,predict2,3,64,7,12,253
predict2_V03_T065,predict2,3,65,7,12,253
predict2_V03_T066,predict2,3,66,7,12,253
predict2_V03_T067,predict2,3,67,7,12,253
predict2_V03_T068,predict2,3,68,7,12,253
predict2_V03_T069,predict2,3,69,7,12,253
predict2_V03_T070,predict2,3,70,7,12,253
predict2_V03_T071,predict2,3,71,7,12,253
predict2_V03_T072,predict2,3,72,8,12,253
predict2_V03_T073,predict2,3,73,8,12,253
predict2_V03_T074,predict2,3,74,8,12,253
predict2_V03_T075,predict2,3,75,8,12,253
predict2_V03_T076,predict2,3,76,8,12,253
predict2_V03_T077,predict2,3,77,8,12,253
predict2_V03_T078,predict2,3,78,8,12,253
predict2_V03_T079,predict2,3,79,8,12,253
predict2_V03_T080,predict2,3,80,8,12,253
predict2_V03_T081,predict2,3,81,9,12,253
predict2_V03_T082,predict2,3,82,9,12,253
predict2_V03_T083,predict2,3,83,9,12,253
predict2_V03_T084,predict2,3,84,9,12,253
predict2_V03_T085,predict2,3,85,9,12,253
predict2_V03_T086,predict2,3,86,9,12,253
predict2_V03_T087,predict2,3,87,9,12,253
predict2_V03_T088,predict2,3,88,9,12,253
predict2_V03_T089,predict2,3,89,9,5,253
predict2_V04_T000,predict2,4,0,0,128,128
predict2_V04_T001,predict2,4,1,0,128,128
predict2_V04_T002,predict2,4,2,0,128,128
predict2_V04_T003,predict2,4,3,0,128,128
predict2_V04_T004,predict2,4,4,0,149,128
predict2_V04_T005,predict2,4,5,0,167,128
predict2_V04_T006,predict2,4,6,0,167,148
predict2_V04_T007,predict2,4,7,0,167,148
predict2_V04_T008,predict2,4,8,1,167,148
predict2_V04_T009,predict2,4,9,1,167,148
predict2_V04_T010,predict2,4,10,1,167,148
predict2_V04_T011,predict2,4,11,1,167,148
predict2_V04_T012,predict2,4,12,1,177,162
predict2_V04_T013,predict2,4,13,1,190,162
predict2_V04_T014,predict2,4,14,1,199,184
predict2_V04_T015,predict2,4,15,1,199,210
predict2_V04_T016,predict2,4,16,2,202,202
predict2_V04_T017,predict2,4,17,2,202,189
predict2_V04_T018,predict2,4,18,2,202,189
predict2_V04_T019,predict2,4,19,2,202,189
predict2_V04_T020,predict2,4,20,2,202,189
predict2_V04_T021,predict2,4,21,2,202,189
predict2_V04_T022,predict2,4,22,2,202,189
predict2_V04_T023,predict2,4,23,2,202,189
predict2_V04_T024,predict2,4,24,3,202,189
predict2_V04_T025,predict2,4,25,3,202,189
predict2_V04_T026,predict2,4,26,3,202,189
predict2_V04_T027,predict2,4,27,3,202,189
predict2_V04_T028,predict2,4,28,3,202,189
predict2_V04_T029,predict2,4,29,3,202,189
predict2_V04_T030,predict2,4,30,3,202,189
predict2_V04_T031,predict2,4,31,3,202,189
predict2_V04_T032,predict2,4,32,4,202,189
predict2_V04_T033,predict2,4,33,4,202,189
predict2_V04_T034,predict2,4,34,4,209,189
predict2_V04_T035,predict2,4,35,4,209,189
predict2_V04_T036,predict2,4,36,4,209,189
predict2_V04_T037,predict2,4,37,4,209,189
predict2_V04_T038,predict2,4,38,4,209,189
predict2_V04_T039,predict2,4,39,4,209,189
predict2_V04_T040,predict2,4,40,5,209,189
predict2_V04_T041,predict2,4,41,5,209,189
predict2_V04_T042,predict2,4,42,5,209,189
predict2_V04_T043,predict2,4,43,5,209,189
predict2_V04_T044,predict2,4,44,5,209,189
predict2_V04_T045,predict2,4,45,5,209,189
predict2_V04_T046,predict2,4,46,5,209,189
predict2_V04_T047,predict2,4,47,5,209,189
predict2_V04_T048,predict2,4,48,6,209,189
predict2_V04_T049,predict2,4,49,6,209,189
predict2_V04_T050,predict2,4,50,6,209,189
predict2_V04_T051,predict2,4,51,6,209,189
predict2_V04_T052,predict2,4,52,6,209,189
predict2_V04_T053,predict2,4,53,6,209,189
predict2_V04_T054,predict2,4,54,6,209,189
predict2_V04_T055,predict2,4,55,6,209,189
predict2_V04_T056,predict2,4,56,7,209,189
predict2_V04_T057,predict2,4,57,7,209,189
predict2_V04_T058,predict2,4,58,7,209,189
predict2_V04_T059,predict2,4,59,7,209,189
predict2_V04_T060,predict2,4,60,7,209,189
predict2_V04_T061,predict2,4,61,7,209,189
predict2_V04_T062,predict2,4,62,7,209,189
predict2_V04_T063,predict2,4,63,7,209,189
predict2_V04_T064,predict2,4,64,8,209,189
predict2_V04_T065,predict2,4,65,8,209,189
predict2_V04_T066,predict2,4,66,8,209,189
predict2_V04_T067,predict2,4,67,8,209,189
predict2_V04_T068,predict2,4,68,8,209,189
predict2_V04_T069,predict2,4,69,8,209,189
predict2_V04_T070,predict2,4,70,8,209,189
predict2_V04_T071,predict2,4,71,8,209,189
predict2_V04_T072,predict2,4,72,9,209,189
predict2_V04_T073,predict2,4,73,9,209,189
predict2_V04_T074,predict2,4,74,9,209,189
predict2_V04_T075,predict2,4,75,9,209,189
predict2_V04_T076,predict2,4,76,9,209,189
predict2_V04_T077,predict2,4,77,9,209,189
predict2_V04_T078,predict2,4,78,9,209,189
predict2_V05_T000,predict2,5,0,0,128,128
predict2_V05_T001,predict2,5,1,0,128,128
predict2_V05_T002,predict2,5,2,0,128,128
predict2_V05_T003,predict2,5,3,0,128,128
predict2_V05_T004,predict2,5,4,0,128,128
predict2_V05_T005,predict2,5,5,0,164,128
predict2_V05_T006,predict2,5,6,0,195,128
predict2_V05_T007,predict2,5,7,0,195,128
predict2_V05_T008,predict2,5,8,0,195,128
predict2_V05_T009,predict2,5,9,0,195,128
predict2_V05_T010,predict2,5,10,0,195,128
predict2_V05_T011,predict2,5,11,0,195,128
predict2_V05_T012,predict2,5,12,0,195,128
predict2_V05_T013,predict2,5,13,0,195,128
predict2_V05_T014,predict2,5,14,1,195,128
predict2_V05_T015,predict2,5,15,1,195,128
predict2_V05_T016,predict2,5,16,1,195,128
predict2_V05_T017,predict2,5,17,1,195,128
predict2_V05_T018,predict2,5,18,1,195,128
predict2_V05_T019,predict2,5,19,1,195,128
predict2_V05_T020,predict2,5,20,1,195,128
predict2_V05_T021,predict2,5,21,1,195,128
predict2_V05_T022,predict2,5,22,1,195,128
predict2_V05_T023,predict2,5,23,1,195,128
predict2_V05_T024,predict2,5,24,1,195,133
predict2_V05_T025,predict2,5,25,1,195,163
predict2_V05_T026,predict2,5,26,1,195,163
predict2_V05_T027,predict2,5,27,2,195,163
predict2_V05_T028,predict2,5,28,2,195,163
predict2_V05_T029,predict2,5,29,2,195,163
predict2_V05_T030,predict2,5,30,2,195,163
predict2_V05_T031,predict2,5,31,2,195,163
predict2_V05_T032,predict2,5,32,2,195,163
predict2_V05_T033,predict2,5,33,2,195,163
predict2_V05_T034,predict2,5,34,2,195,163
predict2_V05_T035,predict2,5,35,2,195,163
predict2_V05_T036,predict2,5,36,2,195,163
predict2_V05_T037,predict2,5,37,2,195,163
predict2_V05_T038,predict2,5,38,2,195,163
predict2_V05_T039,predict2,5,39,2,195,163
predict2_V05_T040,predict2,5,40,2,195,163
predict2_V05_T041,predict2,5,41,3,195,163
predict2_V05_T042,predict2,5,42,3,195,163
predict2_V05_T043,predict2,5,43,3,196,163
predict2_V05_T044,predict2,5,44,3,213,163
predict2_V05_T045,predict2,5,45,3,213,163
predict2_V05_T046,predict2,5,46,3,213,163
predict2_V05_T047,predict2,5,47,3,213,163
predict2_V05_T048,predict2,5,48,3,213,163
predict2_V05_T049,predict2,5,49,3,213,163
predict2_V05_T050,predict2,5,50,3,213,163
predict2_V05_T051,predict2,5,51,3,213,163
predict2_V05_T052,predict2,5,52,3,213,163
predict2_V05_T053,predict2,5,53,3,213,163
predict2_V05_T054,predict2,5,54,4,213,163
predict2_V05_T055,predict2,5,55,4,213,163
predict2_V05_T056,predict2,5,56,4,213,163
predict2_V05_T057,predict2,5,57,4,213,163
predict2_V05_T058,predict2,5,58,4,213,163
predict2_V05_T059,predict2,5,59,4,213,163
predict2_V05_T060,predict2,5,60,4,213,163
predict2_V05_T061,predict2,5,61,4,213,163
predict2_V05_T062,predict2,5,62,4,213,163
predict2_V05_T063,predict2,5,63,4,213,163
predict2_V05_T064,predict2,5,64,4,213,163
predict2_V05_T065,predict2,5,65,4,213,163
predict2_V05_T066,predict2,5,66,4,213,163
predict2_V05_T067,predict2,5,67,4,213,163
predict2_V05_T068,predict2,5,68,5,213,163
predict2_V05_T069,predict2,5,69,5,213,163
predict2_V05_T070,predict2,5,70,5,213,163
predict2_V05_T071,predict2,5,71,5,213,163
predict2_V05_T072,predict2,5,72,5,213,163
predict2_V05_T073,predict2,5,73,5,213,163
predict2_V05_T074,predict2,5,74,5,213,163
predict2_V05_T075,predict2,5,75,5,213,163
predict2_V05_T076,predict2,5,76,5,213,163
predict2_V05_T077,predict2,5,77,5,213,163
predict2_V05_T078,predict2,5,78,5,213,163
predict2_V05_T079,predict2,5,79,5,213,163
predict2_V05_T080,predict2,5,80,5,213,163
predict2_V05_T081,predict2,5,81,6,213,163
predict2_V05_T082,predict2,5,82,6,213,163
predict2_V05_T083,predict2,5,83,6,213,163
predict2_V05_T084,predict2,5,84,6,213,163
predict2_V05_T085,predict2,5,85,6,213,163
predict2_V05_T086,predict2,5,86,6,213,163
predict2_V05_T087,predict2,5,87,6,213,163
predict2_V05_T088,predict2,5,88,6,213,163
predict2_V05_T089,predict2,5,89,6,213,163
predict2_V05_T090,predict2,5,90,6,213,163
predict2_V05_T091,predict2,5,91,6,213,163
predict2_V05_T092,predict2,5,92,6,213,163
predict2_V05_T093,predict2,5,93,6,213,163
predict2_V05_T094,predict2,5,94,6,213,163
predict2_V05_T095,predict2,5,95,7,213,163
predict2_V05_T096,predict2,5,96,7,213,163
predict2_V05_T097,predict2,5,97,7,213,163
predict2_V05_T098,predict2,5,98,7,213,163
predict2_V05_T099,predict2,5,99,7,213,163
predict2_V05_T100,predict2,5,100,7,213,163
predict2_V05_T101,predict2,5,101,7,213,163
predict2_V05_T102,predict2,5,102,7,213,163
predict2_V05_T103,predict2,5,103,7,213,163
predict2_V05_T104,predict2,5,104,7,213,163
predict2_V05_T105,predict2,5,105,7,213,163
predict2_V05_T106,predict2,5,106,7,213,163
predict2_V05_T107,predict2,5,107,7,213,163
predict2_V05_T108,predict2,5,108,8,213,163
predict2_V05_T109,predict2,5,109,8,213,163
predict2_V05_T110,predict2,5,110,8,213,163
predict2_V05_T111,predict2,5,111,8,213,163
predict2_V05_T112,predict2,5,112,8,213,163
predict2_V05_T113,predict2,5,113,8,213,163
predict2_V05_T114,predict2,5,114,8,213,163
predict2_V05_T115,predict2,5,115,8,213,163
predict2_V05_T116,predict2,5,116,8,213,163
predict2_V05_T117,predict2,5,117,8,213,163
predict2_V05_T118,predict2,5,118,8,213,163
predict2_V05_T119,predict2,5,119,8,213,163
predict2_V05_T120,predict2,5,120,8,213,163
predict2_V05_T121,predict2,5,121,8,213,163
predict2_V05_T122,predict2,5,122,9,213,163
predict2_V05_T123,predict2,5,123,9,213,163
predict2_V05_T124,predict2,5,124,9,213,163
predict2_V05_T125,predict2,5,125,9,213,163
predict2_V05_T126,predict2,5,126,9,213,163
predict2_V05_T127,predict2,5,127,9,213,163
predict2_V05_T128,predict2,5,128,9,213,163
predict2_V05_T129,predict2,5,129,9,213,163
predict2_V05_T130,predict2,5,130,9,213,163
predict2_V05_T131,predict2,5,131,9,213,163
predict2_V05_T132,predict2,5,132,9,213,163
predict2_V05_T133,predict2,5,133,9,213,163
predict2_V05_T134,predict2,5,134,9,213,163
predict2_V06_T000,predict2,6,0,0,128,128
predict2_V06_T001,predict2,6,1,0,128,128
predict2_V06_T002,predict2,6,2,0,128,128
predict2_V06_T003,predict2,6,3,0,128,128
predict2_V06_T004,predict2,6,4,0,128,128
predict2_V06_T005,predict2,6,5,0,128,128
predict2_V06_T006,predict2,6,6,0,128,128
predict2_V06_T007,predict2,6,7,0,128,128
predict2_V06_T008,predict2,6,8,0,128,128
predict2_V06_T009,predict2,6,9,0,128,128
predict2_V06_T010,predict2,6,10,1,128,128
predict2_V06_T011,predict2,6,11,1,128,128
predict2_V06_T012,predict2,6,12,1,143,128
predict2_V06_T013,predict2,6,13,1,143,128
predict2_V06_T014,predict2,6,14,1,162,128
predict2_V06_T015,predict2,6,15,1,162,128
predict2_V06_T016,predict2,6,16,1,162,128
predict2_V06_T017,predict2,6,17,1,162,128
predict2_V06_T018,predict2,6,18,1,162,128
predict2_V06_T019,predict2,6,19,2,162,128
predict2_V06_T020,predict2,6,20,2,162,128
predict2_V06_T021,predict2,6,21,2,162,128
predict2_V06_T022,predict2,6,22,2,162,128
predict2_V06_T023,predict2,6,23,2,162,128
predict2_V06_T024,predict2,6,24,2,162,128
predict2_V06_T025,predict2,6,25,2,162,128
predict2_V06_T026,predict2,6,26,2,142,128
predict2_V06_T027,predict2,6,27,2,119,128
predict2_V06_T028,predict2,6,28,3,103,128
predict2_V06_T029,predict2,6,29,3,103,128
predict2_V06_T030,predict2,6,30,3,103,128
predict2_V06_T031,predict2,6,31,3,103,128
predict2_V06_T032,predict2,6,32,3,103,128
predict2_V06_T033,predict2,6,33,3,103,128
predict2_V06_T034,predict2,6,34,3,103,128
predict2_V06_T035,predict2,6,35,3,103,128
predict2_V06_T036,predict2,6,36,3,103,128
predict2_V06_T037,predict2,6,37,3,103,128
predict2_V06_T038,predict2,6,38,4,103,128
predict2_V06_T039,predict2,6,39,4,103,128
predict2_V06_T040,predict2,6,40,4,103,128
predict2_V06_T041,predict2,6,41,4,103,128
predict2_V06_T042,predict2,6,42,4,103,128
predict2_V06_T043,predict2,6,43,4,103,128
predict2_V06_T044,predict2,6,44,4,103,128
predict2_V06_T045,predict2,6,45,4,103,128
predict2_V06_T046,predict2,6,46,4,103,128
predict2_V06_T047,predict2,6,47,5,103,128
predict2_V06_T048,predict2,6,48,5,103,128
predict2_V06_T049,predict2,6,49,5,103,128
predict2_V06_T050,predict2,6,50,5,103,128
predict2_V06_T051,predict2,6,51,5,103,128
predict2_V06_T052,predict2,6,52,5,103,128
predict2_V06_T053,predict2,6,53,5,103,128
predict2_V06_T054,predict2,6,54,5,103,128
predict2_V06_T055,predict2,6,55,5,103,128
predict2_V06_T056,predict2,6,56,6,103,128
predict2_V06_T057,predict2,6,57,6,103,128
predict2_V06_T058,predict2,6,58,6,103,128
predict2_V06_T059,predict2,6,59,6,103,128
predict2_V06_T060,predict2,6,60,6,103,128
predict2_V06_T061,predict2,6,61,6,103,128
predict2_V06_T062,predict2,6,62,6,103,128
predict2_V06_T063,predict2,6,63,6,103,136
predict2_V06_T064,predict2,6,64,6,103,151
predict2_V06_T065,predict2,6,65,6,103,151
predict2_V06_T066,predict2,6,66,7,103,151
predict2_V06_T067,predict2,6,67,7,103,151
predict2_V06_T068,predict2,6,68,7,103,151
predict2_V06_T069,predict2,6,69,7,103,151
predict2_V06_T070,predict2,6,70,7,103,151
predict2_V06_T071,predict2,6,71,7,103,151
predict2_V06_T072,predict2,6,72,7,103,151
predict2_V06_T073,predict2,6,73,7,103,151
predict2_V06_T074,predict2,6,74,7,103,151
predict2_V06_T075,predict2,6,75,8,103,151
predict2_V06_T076,predict2,6,76,8,103,151
predict2_V06_T077,predict2,6,77,8,103,151
predict2_V06_T078,predict2,6,78,8,103,151
predict2_V06_T079,predict2,6,79,8,103,151
predict2_V06_T080,predict2,6,80,8,103,151
predict2_V06_T081,predict2,6,81,8,103,151
predict2_V06_T082,predict2,6,82,8,103,151
predict2_V06_T083,predict2,6,83,8,103,151
predict2_V06_T084,predict2,6,84,9,103,151
predict2_V06_T085,predict2,6,85,9,103,151
predict2_V06_T086,predict2,6,86,9,103,151
predict2_V06_T087,predict2,6,87,9,103,151
predict2_V06_T088,predict2,6,88,9,103,151
predict2_V06_T089,predict2,6,89,9,103,151
predict2_V06_T090,predict2,6,90,9,103,151
predict2_V06_T091,predict2,6,91,9,103,151
predict2_V06_T092,predict2,6,92,9,103,151
predict2_V07_T000,predict2,7,0,0,128,128
predict2_V07_T001,predict2,7,1,0,128,128
predict2_V07_T002,predict2,7,2,0,128,128
predict2_V07_T003,predict2,7,3,0,128,128
predict2_V07_T004,predict2,7,4,0,128,128
predict2_V07_T005,predict2,7,5,0,128,128
predict2_V07_T006,predict2,7,6,0,128,128
predict2_V07_T007,predict2,7,7,0,128,128
predict2_V07_T008,predict2,7,8,0,128,128
predict2_V07_T009,predict2,7,9,0,128,128
predict2_V07_T010,predict2,7,10,0,128,128
predict2_V07_T011,predict2,7,11,0,128,128
predict2_V07_T012,predict2,7,12,0,128,128
predict2_V07_T013,predict2,7,13,1,128,128
predict2_V07_T014,predict2,7,14,1,128,128
predict2_V07_T015,predict2,7,15,1,128,128
predict2_V07_T016,predict2,7,16,1,128,128
predict2_V07_T017,predict2,7,17,1,128,128
predict2_V07_T018,predict2,7,18,1,128,128
predict2_V07_T019,predict2,7,19,1,128,128
predict2_V07_T020,predict2,7,20,1,128,128
predict2_V07_T021,predict2,7,21,1,128,128
predict2_V07_T022,predict2,7,22,1,128,128
predict2_V07_T023,predict2,7,23,1,128,128
predict2_V07_T024,predict2,7,24,1,128,128
predict2_V07_T025,predict2,7,25,2,128,128
predict2_V07_T026,predict2,7,26,2,128,128
predict2_V07_T027,predict2,7,27,2,147,128
predict2_V07_T028,predict2,7,28,2,147,128
predict2_V07_T029,predict2,7,29,2,147,128
predict2_V07_T030,predict2,7,30,2,158,152
predict2_V07_T031,predict2,7,31,2,158,152
predict2_V07_T032,predict2,7,32,2,158,152
predict2_V07_T033,predict2,7,33,2,158,152
predict2_V07_T034,predict2,7,34,2,158,152
predict2_V07_T035,predict2,7,35,2,158,152
predict2_V07_T036,predict2,7,36,2,164,152
predict2_V07_T037,predict2,7,37,3,164,152
predict2_V07_T038,predict2,7,38,3,171,152
predict2_V07_T039,predict2,7,39,3,171,152
predict2_V07_T040,predict2,7,40,3,171,152
predict2_V07_T041,predict2,7,41,3,171,152
predict2_V07_T042,predict2,7,42,3,171,152
predict2_V07_T043,predict2,7,43,3,171,152
predict2_V07_T044,predict2,7,44,3,171,152
predict2_V07_T045,predict2,7,45,3,171,152
predict2_V07_T046,predict2,7,46,3,171,152
predict2_V07_T047,predict2,7,47,3,171,152
predict2_V07_T048,predict2,7,48,3,171,152
predict2_V07_T049,predict2,7,49,4,171,152
predict2_V07_T050,predict2,7,50,4,171,152
predict2_V07_T051,predict2,7,51,4,171,152
predict2_V07_T052,predict2,7,52,4,171,152
predict2_V07_T053,predict2,7,53,4,171,152
predict2_V07_T054,predict2,7,54,4,171,152
predict2_V07_T055,predict2,7,55,4,171,152
predict2_V07_T056,predict2,7,56,4,171,152
predict2_V07_T057,predict2,7,57,4,171,152
predict2_V07_T058,predict2,7,58,4,171,152
predict2_V07_T059,predict2,7,59,4,171,152
predict2_V07_T060,predict2,7,60,4,171,152
predict2_V07_T061,predict2,7,61,5,171,152
predict2_V07_T062,predict2,7,62,5,171,152
predict2_V07_T063,predict2,7,63,5,171,152
predict2_V07_T064,predict2,7,64,5,171,152
predict2_V07_T065,predict2,7,65,5,171,152
predict2_V07_T066,predict2,7,66,5,171,152
predict2_V07_T067,predict2,7,67,5,171,152
predict2_V07_T068,predict2,7,68,5,171,152
predict2_V07_T069,predict2,7,69,5,171,152
predict2_V07_T070,predict2,7,70,5,171,152
predict2_V07_T071,predict2,7,71,5,171,152
predict2_V07_T072,predict2,7,72,5,171,152
predict2_V07_T073,predict2,7,73,5,171,152
predict2_V07_T074,predict2,7,74,6,171,152
predict2_V07_T075,predict2,7,75,6,171,152
predict2_V07_T076,predict2,7,76,6,179,152
predict2_V07_T077,predict2,7,77,6,181,152
predict2_V07_T078,predict2,7,78,6,181,152
predict2_V07_T079,predict2,7,79,6,181,152
predict2_V07_T080,predict2,7,80,6,181,152
predict2_V07_T081,predict2,7,81,6,181,152
predict2_V07_T082,predict2,7,82,6,181,152
predict2_V07_T083,predict2,7,83,6,181,152
predict2_V07_T084,predict2,7,84,6,181,152
predict2_V07_T085,predict2,7,85,6,181,152
predict2_V07_T086,predict2,7,86,7,181,152
predict2_V07_T087,predict2,7,87,7,181,152
predict2_V07_T088,predict2,7,88,7,181,166
predict2_V07_T089,predict2,7,89,7,196,166
predict2_V07_T090,predict2,7,90,7,196,166
predict2_V07_T091,predict2,7,91,7,196,166
predict2_V07_T092,predict2,7,92,7,196,166
predict2_V07_T093,predict2,7,93,7,196,166
predict2_V07_T094,predict2,7,94,7,204,166
predict2_V07_T095,predict2,7,95,7,204,183
predict2_V07_T096,predict2,7,96,7,204,188
predict2_V07_T097,predict2,7,97,7,204,188
predict2_V07_T098,predict2,7,98,8,204,188
predict2_V07_T099,predict2,7,99,8,204,188
predict2_V07_T100,predict2,7,100,8,204,188
predict2_V07_T101,predict2,7,101,8,204,188
predict2_V07_T102,predict2,7,102,8,204,188
predict2_V07_T103,predict2,7,103,8,204,188
predict2_V07_T104,predict2,7,104,8,204,188
predict2_V07_T105,predict2,7,105,8,204,188
predict2_V07_T106,predict2,7,106,8,204,188
predict2_V07_T107,predict2,7,107,8,204,188
predict2_V07_T108,predict2,7,108,8,204,188
predict2_V07_T109,predict2,7,109,8,204,188
predict2_V07_T110,predict2,7,110,9,204,188
predict2_V07_T111,predict2,7,111,9,204,188
predict2_V07_T112,predict2,7,112,9,204,188
predict2_V07_T113,predict2,7,113,9,204,188
predict2_V07_T114,predict2,7,114,9,204,188
predict2_V07_T115,predict2,7,115,9,204,188
predict2_V07_T116,predict2,7,116,9,204,188
predict2_V07_T117,predict2,7,117,9,204,188
predict2_V07_T118,predict2,7,118,9,204,188
predict2_V07_T119,predict2,7,119,9,204,188
predict2_V07_T120,predict2,7,120,9,204,188
predict2_V07_T121,predict2,7,121,9,204,188
predict2_V08_T000,predict2,8,0,0,128,128
predict2_V08_T001,predict2,8,1,0,128,128
predict2_V08_T002,predict2,8,2,0,128,128
predict2_V08_T003,predict2,8,3,0,128,128
predict2_V08_T004,predict2,8,4,0,129,119
predict2_V08_T005,predict2,8,5,0,129,119
predict2_V08_T006,predict2,8,6,0,129,119
predict2_V08_T007,predict2,8,7,0,129,119
predict2_V08_T008,predict2,8,8,0,129,119
predict2_V08_T009,predict2,8,9,0,129,119
predict2_V08_T010,predict2,8,10,0,149,119
predict2_V08_T011,predict2,8,11,1,173,119
predict2_V08_T012,predict2,8,12,1,173,119
predict2_V08_T013,predict2,8,13,1,173,119
predict2_V08_T014,predict2,8,14,1,173,119
predict2_V08_T015,predict2,8,15,1,173,119
predict2_V08_T016,predict2,8,16,1,173,119
predict2_V08_T017,predict2,8,17,1,173,119
predict2_V08_T018,predict2,8,18,1,173,120
predict2_V08_T019,predict2,8,19,1,173,161
predict2_V08_T020,predict2,8,20,1,173,161
predict2_V08_T021,predict2,8,21,1,176,140
predict2_V08_T022,predict2,8,22,2,181,140
predict2_V08_T023,predict2,8,23,2,181,140
predict2_V08_T024,predict2,8,24,2,181,140
predict2_V08_T025,predict2,8,25,2,181,140
predict2_V08_T026,predict2,8,26,2,181,140
predict2_V08_T027,predict2,8,27,2,181,140
predict2_V08_T028,predict2,8,28,2,181,140
predict2_V08_T029,predict2,8,29,2,181,140
predict2_V08_T030,predict2,8,30,2,181,140
predict2_V08_T031,predict2,8,31,2,181,140
predict2_V08_T032,predict2,8,32,2,181,140
predict2_V08_T033,predict2,8,33,3,181,140
predict2_V08_T034,predict2,8,34,3,181,140
predict2_V08_T035,predict2,8,35,3,181,140
predict2_V08_T036,predict2,8,36,3,181,140
predict2_V08_T037,predict2,8,37,3,181,140
predict2_V08_T038,predict2,8,38,3,213,140
predict2_V08_T039,predict2,8,39,3,245,140
predict2_V08_T040,predict2,8,40,3,196,161
predict2_V08_T041,predict2,8,41,3,196,161
predict2_V08_T042,predict2,8,42,3,196,161
predict2_V08_T043,predict2,8,43,4,196,161
predict2_V08_T044,predict2,8,44,4,196,161
predict2_V08_T045,predict2,8,45,4,196,161
predict2_V08_T046,predict2,8,46,4,196,161
predict2_V08_T047,predict2,8,47,4,196,161
predict2_V08_T048,predict2,8,48,4,196,161
predict2_V08_T049,predict2,8,49,4,196,161
predict2_V08_T050,predict2,8,50,4,196,161
predict2_V08_T051,predict2,8,51,4,196,161
predict2_V08_T052,predict2,8,52,4,196,161
predict2_V08_T053,predict2,8,53,4,196,161
predict2_V08_T054,predict2,8,54,5,196,161
predict2_V08_T055,predict2,8,55,5,196,161
predict2_V08_T056,predict2,8,56,5,196,161
predict2_V08_T057,predict2,8,57,5,196,161
predict2_V08_T058,predict2,8,58,5,196,161
predict2_V08_T059,predict2,8,59,5,196,161
predict2_V08_T060,predict2,8,60,5,196,161
predict2_V08_T061,predict2,8,61,5,196,161
predict2_V08_T062,predict2,8,62,5,196,161
predict2_V08_T063,predict2,8,63,5,196,161
predict2_V08_T064,predict2,8,64,5,196,161
predict2_V08_T065,predict2,8,65,6,196,161
predict2_V08_T066,predict2,8,66,6,196,161
predict2_V08_T067,predict2,8,67,6,196,161
predict2_V08_T068,predict2,8,68,6,196,161
predict2_V08_T069,predict2,8,69,6,196,161
predict2_V08_T070,predict2,8,70,6,196,161
predict2_V08_T071,predict2,8,71,6,196,161
predict2_V08_T072,predict2,8,72,6,196,161
predict2_V08_T073,predict2,8,73,6,196,161
predict2_V08_T074,predict2,8,74,6,196,161
predict2_V08_T075,predict2,8,75,7,196,161
predict2_V08_T076,predict2,8,76,7,196,161
predict2_V08_T077,predict2,8,77,7,196,161
predict2_V08_T078,predict2,8,78,7,196,161
predict2_V08_T079,predict2,8,79,7,196,161
predict2_V08_T080,predict2,8,80,7,196,161
predict2_V08_T081,predict2,8,81,7,196,161
predict2_V08_T082,predict2,8,82,7,196,161
predict2_V08_T083,predict2,8,83,7,196,161
predict2_V08_T084,predict2,8,84,7,196,161
predict2_V08_T085,predict2,8,85,7,196,161
predict2_V08_T086,predict2,8,86,8,196,161
predict2_V08_T087,predict2,8,87,8,196,161
predict2_V08_T088,predict2,8,88,8,196,161
predict2_V08_T089,predict2,8,89,8,196,161
predict2_V08_T090,predict2,8,90,8,196,161
predict2_V08_T091,predict2,8,91,8,196,161
predict2_V08_T092,predict2,8,92,8,196,161
predict2_V08_T093,predict2,8,93,8,196,161
predict2_V08_T094,predict2,8,94,8,196,161
predict2_V08_T095,predict2,8,95,8,196,161
predict2_V08_T096,predict2,8,96,8,196,161
predict2_V08_T097,predict2,8,97,9,196,161
predict2_V08_T098,predict2,8,98,9,196,161
predict2_V08_T099,predict2,8,99,9,196,161
predict2_V08_T100,predict2,8,100,9,196,161
predict2_V08_T101,predict2,8,101,9,196,161
predict2_V08_T102,predict2,8,102,9,196,161
predict2_V08_T103,predict2,8,103,9,196,161
predict2_V08_T104,predict2,8,104,9,196,161
predict2_V08_T105,predict2,8,105,9,196,161
predict2_V08_T106,predict2,8,106,9,196,161
predict2_V09_T000,predict2,9,0,0,128,128
predict2_V09_T001,predict2,9,1,0,128,128
predict2_V09_T002,predict2,9,2,0,128,128
predict2_V09_T003,predict2,9,3,0,128,128
predict2_V09_T004,predict2,9,4,0,128,128
predict2_V09_T005,predict2,9,5,0,128,111
predict2_V09_T006,predict2,9,6,0,128,86
predict2_V09_T007,predict2,9,7,1,128,86
predict2_V09_T008,predict2,9,8,1,128,86
predict2_V09_T009,predict2,9,9,1,128,86
predict2_V09_T010,predict2,9,10,1,128,86
predict2_V09_T011,predict2,9,11,1,128,86
predict2_V09_T012,predict2,9,12,1,128,86
predict2_V09_T013,predict2,9,13,1,128,86
predict2_V09_T014,predict2,9,14,2,128,95
predict2_V09_T015,predict2,9,15,2,128,106
predict2_V09_T016,predict2,9,16,2,128,106
predict2_V09_T017,predict2,9,17,2,128,106
predict2_V09_T018,predict2,9,18,2,128,106
predict2_V09_T019,predict2,9,19,2,128,129
predict2_V09_T020,predict2,9,20,2,128,159
predict2_V09_T021,predict2,9,21,3,128,155
predict2_V09_T022,predict2,9,22,3,128,155
predict2_V09_T023,predict2,9,23,3,128,155
predict2_V09_T024,predict2,9,24,3,128,155
predict2_V09_T025,predict2,9,25,3,128,155
predict2_V09_T026,predict2,9,26,3,128,155
predict2_V09_T027,predict2,9,27,3,128,155
predict2_V09_T028,predict2,9,28,4,128,155
predict2_V09_T029,predict2,9,29,4,128,155
predict2_V09_T030,predict2,9,30,4,128,155
predict2_V09_T031,predict2,9,31,4,128,155
predict2_V09_T032,predict2,9,32,4,118,155
predict2_V09_T033,predict2,9,33,4,84,155
predict2_V09_T034,predict2,9,34,4,72,155
predict2_V09_T035,predict2,9,35,5,72,182
predict2_V09_T036,predict2,9,36,5,72,225
predict2_V09_T037,predict2,9,37,5,72,255
predict2_V09_T038,predict2,9,38,5,72,237
predict2_V09_T039,predict2,9,39,5,63,223
predict2_V09_T040,predict2,9,40,5,54,203
predict2_V09_T041,predict2,9,41,5,41,192
predict2_V09_T042,predict2,9,42,6,48,192
predict2_V09_T043,predict2,9,43,6,48,192
predict2_V09_T044,predict2,9,44,6,48,192
predict2_V09_T045,predict2,9,45,6,48,192
predict2_V09_T046,predict2,9,46,6,50,192
predict2_V09_T047,predict2,9,47,6,58,192
predict2_V09_T048,predict2,9,48,6,58,192
predict2_V09_T049,predict2,9,49,7,58,192
predict2_V09_T050,predict2,9,50,7,58,192
predict2_V09_T051,predict2,9,51,7,58,192
predict2_V09_T052,predict2,9,52,7,58,192
predict2_V09_T053,predict2,9,53,7,58,192
predict2_V09_T054,predict2,9,54,7,58,192
predict2_V09_T055,predict2,9,55,7,58,192
predict2_V09_T056,predict2,9,56,8,58,192
predict2_V09_T057,predict2,9,57,8,58,192
predict2_V09_T058,predict2,9,58,8,46,192
predict2_V09_T059,predict2,9,59,8,46,192
predict2_V09_T060,predict2,9,60,8,46,192
predict2_V09_T061,predict2,9,61,8,46,192
predict2_V09_T062,predict2,9,62,8,46,192
predict2_V09_T063,predict2,9,63,9,46,192
predict2_V09_T064,predict2,9,64,9,46,192
predict2_V09_T065,predict2,9,65,9,46,192
predict2_V09_T066,predict2,9,66,9,46,192
predict2_V09_T067,predict2,9,67,9,46,192
predict2_V09_T068,predict2,9,68,9,46,192
predict2_V09_T069,predict2,9,69,9,46,192
predict2_V10_T000,predict2,10,0,0,128,128
predict2_V10_T001,predict2,10,1,0,128,128
predict2_V10_T002,predict2,10,2,0,128,128
predict2_V10_T003,predict2,10,3,0,128,128
predict2_V10_T004,predict2,10,4,0,128,128
predict2_V10_T005,predict2,10,5,0,128,128
predict2_V10_T006,predict2,10,6,1,128,128
predict2_V10_T007,predict2,10,7,1,113,128
predict2_V10_T008,predict2,10,8,1,100,128
predict2_V10_T009,predict2,10,9,1,100,128
predict2_V10_T010,predict2,10,10,1,100,128
predict2_V10_T011,predict2,10,11,1,100,128
predict2_V10_T012,predict2,10,12,2,100,128
predict2_V10_T013,predict2,10,13,2,100,128
predict2_V10_T014,predict2,10,14,2,100,128
predict2_V10_T015,predict2,10,15,2,100,128
predict2_V10_T016,predict2,10,16,2,100,128
predict2_V10_T017,predict2,10,17,2,100,128
predict2_V10_T018,predict2,10,18,3,100,128
predict2_V10_T019,predict2,10,19,3,100,128
predict2_V10_T020,predict2,10,20,3,100,128
predict2_V10_T021,predict2,10,21,3,100,128
predict2_V10_T022,predict2,10,22,3,100,128
predict2_V10_T023,predict2,10,23,3,100,128
predict2_V10_T024,predict2,10,24,4,100,128
predict2_V10_T025,predict2,10,25,4,100,128
predict2_V10_T026,predict2,10,26,4,100,128
predict2_V10_T027,predict2,10,27,4,100,128
predict2_V10_T028,predict2,10,28,4,100,128
predict2_V10_T029,predict2,10,29,4,100,128
predict2_V10_T030,predict2,10,30,5,100,128
predict2_V10_T031,predict2,10,31,5,100,128
predict2_V10_T032,predict2,10,32,5,100,128
predict2_V10_T033,predict2,10,33,5,100,128
predict2_V10_T034,predict2,10,34,5,100,128
predict2_V10_T035,predict2,10,35,5,100,128
predict2_V10_T036,predict2,10,36,6,100,128
predict2_V10_T037,predict2,10,37,6,100,128
predict2_V10_T038,predict2,10,38,6,100,128
predict2_V10_T039,predict2,10,39,6,100,128
predict2_V10_T040,predict2,10,40,6,100,128
predict2_V10_T041,predict2,10,41,6,100,128
predict2_V10_T042,predict2,10,42,7,100,128
predict2_V10_T043,predict2,10,43,7,100,128
predict2_V10_T044,predict2,10,44,7,100,152
predict2_V10_T045,predict2,10,45,7,100,152
predict2_V10_T046,predict2,10,46,7,100,152
predict2_V10_T047,predict2,10,47,7,100,152
predict2_V10_T048,predict2,10,48,8,100,152
predict2_V10_T049,predict2,10,49,8,100,152
predict2_V10_T050,predict2,10,50,8,100,152
predict2_V10_T051,predict2,10,51,8,100,152
predict2_V10_T052,predict2,10,52,8,100,152
predict2_V10_T053,predict2,10,53,8,100,152
predict2_V10_T054,predict2,10,54,9,100,152
predict2_V10_T055,predict2,10,55,9,100,152
predict2_V10_T056,predict2,10,56,9,100,152
predict2_V10_T057,predict2,10,57,9,100,152
predict2_V10_T058,predict2,10,58,9,100,164
predict2_V10_T059,predict2,10,59,9,100,164
predict2_V11_T000,predict2,11,0,0,128,128
predict2_V11_T001,predict2,11,1,0,128,128
predict2_V11_T002,predict2,11,2,0,128,128
predict2_V11_T003,predict2,11,3,0,128,128
predict2_V11_T004,predict2,11,4,0,116,128
predict2_V11_T005,predict2,11,5,0,116,128
predict2_V11_T006,predict2,11,6,0,116,128
predict2_V11_T007,predict2,11,7,1,116,128
predict2_V11_T008,predict2,11,8,1,110,128
predict2_V11_T009,predict2,11,9,1,92,128
predict2_V11_T010,predict2,11,10,1,92,128
predict2_V11_T011,predict2,11,11,1,43,141
predict2_V11_T012,predict2,11,12,1,43,158
predict2_V11_T013,predict2,11,13,2,37,181
predict2_V11_T014,predict2,11,14,2,37,181
predict2_V11_T015,predict2,11,15,2,37,181
predict2_V11_T016,predict2,11,16,2,37,181
predict2_V11_T017,predict2,11,17,2,37,181
predict2_V11_T018,predict2,11,18,2,37,181
predict2_V11_T019,predict2,11,19,3,37,181
predict2_V11_T020,predict2,11,20,3,32,181
predict2_V11_T021,predict2,11,21,3,22,202
predict2_V11_T022,predict2,11,22,3,22,202
predict2_V11_T023,predict2,11,23,3,22,202
predict2_V11_T024,predict2,11,24,3,22,202
predict2_V11_T025,predict2,11,25,4,22,202
predict2_V11_T026,predict2,11,26,4,22,202
predict2_V11_T027,predict2,11,27,4,22,202
predict2_V11_T028,predict2,11,28,4,22,202
predict2_V11_T029,predict2,11,29,4,22,202
predict2_V11_T030,predict2,11,30,4,22,202
predict2_V11_T031,predict2,11,31,5,22,202
predict2_V11_T032,predict2,11,32,5,22,202
predict2_V11_T033,predict2,11,33,5,22,202
predict2_V11_T034,predict2,11,34,5,22,202
predict2_V11_T035,predict2,11,35,5,22,202
predict2_V11_T036,predict2,11,36,5,22,202
predict2_V11_T037,predict2,11,37,6,22,202
predict2_V11_T038,predict2,11,38,6,22,208
predict2_V11_T039,predict2,11,39,6,11,224
predict2_V11_T040,predict2,11,40,6,6,241
predict2_V11_T041,predict2,11,41,6,6,241
predict2_V11_T042,predict2,11,42,6,6,247
predict2_V11_T043,predict2,11,43,7,6,247
predict2_V11_T044,predict2,11,44,7,6,247
predict2_V11_T045,predict2,11,45,7,6,247
predict2_V11_T046,predict2,11,46,7,6,247
predict2_V11_T047,predict2,11,47,7,6,247
predict2_V11_T048,predict2,11,48,7,6,247
predict2_V11_T049,predict2,11,49,8,6,247
predict2_V11_T050,predict2,11,50,8,6,247
predict2_V11_T051,predict2,11,51,8,6,247
predict2_V11_T052,predict2,11,52,8,6,247
predict2_V11_T053,predict2,11,53,8,6,247
predict2_V11_T054,predict2,11,54,8,6,247
predict2_V11_T055,predict2,11,55,9,6,247
predict2_V11_T056,predict2,11,56,9,6,247
predict2_V11_T057,predict2,11,57,9,6,247
predict2_V11_T058,predict2,11,58,9,6,247
predict2_V11_T059,predict2,11,59,9,6,247
predict2_V11_T060,predict2,11,60,9,6,247
predict2_V12_T000,predict2,12,0,0,128,128
predict2_V12_T001,predict2,12,1,0,128,128
predict2_V12_T002,predict2,12,2,0,128,128
predict2_V12_T003,predict2,12,3,0,128,128
predict2_V12_T004,predict2,12,4,0,128,128
predict2_V12_T005,predict2,12,5,0,128,128
predict2_V12_T006,predict2,12,6,0,128,128
predict2_V12_T007,predict2,12,7,1,128,128
predict2_V12_T008,predict2,12,8,1,128,128
predict2_V12_T009,predict2,12,9,1,128,128
predict2_V12_T010,predict2,12,10,1,128,128
predict2_V12_T011,predict2,12,11,1,128,128
predict2_V12_T012,predict2,12,12,1,128,128
predict2_V12_T013,predict2,12,13,2,128,128
predict2_V12_T014,predict2,12,14,2,128,128
predict2_V12_T015,predict2,12,15,2,128,128
predict2_V12_T016,predict2,12,16,2,128,128
predict2_V12_T017,predict2,12,17,2,128,128
predict2_V12_T018,predict2,12,18,2,128,128
predict2_V12_T019,predict2,12,19,3,112,128
predict2_V12_T020,predict2,12,20,3,105,128
predict2_V12_T021,predict2,12,21,3,105,128
predict2_V12_T022,predict2,12,22,3,105,128
predict2_V12_T023,predict2,12,23,3,105,128
predict2_V12_T024,predict2,12,24,3,105,128
predict2_V12_T025,predict2,12,25,3,105,128
predict2_V12_T026,predict2,12,26,4,105,128
predict2_V12_T027,predict2,12,27,4,105,128
predict2_V12_T028,predict2,12,28,4,105,128
predict2_V12_T029,predict2,12,29,4,105,128
predict2_V12_T030,predict2,12,30,4,105,128
predict2_V12_T031,predict2,12,31,4,105,128
predict2_V12_T032,predict2,12,32,5,105,128
predict2_V12_T033,predict2,12,33,5,105,128
predict2_V12_T034,predict2,12,34,5,105,157
predict2_V12_T035,predict2,12,35,5,105,162
predict2_V12_T036,predict2,12,36,5,105,162
predict2_V12_T037,predict2,12,37,5,105,162
predict2_V12_T038,predict2,12,38,6,105,162
predict2_V12_T039,predict2,12,39,6,105,162
predict2_V12_T040,predict2,12,40,6,105,162
predict2_V12_T041,predict2,12,41,6,105,162
predict2_V12_T042,predict2,12,42,6,105,162
predict2_V12_T043,predict2,12,43,6,105,162
predict2_V12_T044,predict2,12,44,6,105,162
predict2_V12_T045,predict2,12,45,7,105,162
predict2_V12_T046,predict2,12,46,7,105,162
predict2_V12_T047,predict2,12,47,7,105,162
predict2_V12_T048,predict2,12,48,7,105,162
predict2_V12_T049,predict2,12,49,7,105,162
predict2_V12_T050,predict2,12,50,7,105,162
predict2_V12_T051,predict2,12,51,8,106,162
predict2_V12_T052,predict2,12,52,8,124,162
predict2_V12_T053,predict2,12,53,8,141,162
predict2_V12_T054,predict2,12,54,8,141,162
predict2_V12_T055,predict2,12,55,8,141,162
predict2_V12_T056,predict2,12,56,8,141,162
predict2_V12_T057,predict2,12,57,9,149,162
predict2_V12_T058,predict2,12,58,9,153,162
predict2_V12_T059,predict2,12,59,9,153,162
predict2_V12_T060,predict2,12,60,9,153,162
predict2_V12_T061,predict2,12,61,9,153,162
predict2_V12_T062,predict2,12,62,9,153,162
predict2_V13_T000,predict2,13,0,0,128,149
predict2_V13_T001,predict2,13,1,0,128,139
predict2_V13_T002,predict2,13,2,0,145,139
predict2_V13_T003,predict2,13,3,0,145,139
predict2_V13_T004,predict2,13,4,0,145,139
predict2_V13_T005,predict2,13,5,0,145,139
predict2_V13_T006,predict2,13,6,0,145,139
predict2_V13_T007,predict2,13,7,0,145,139
predict2_V13_T008,predict2,13,8,0,145,139
predict2_V13_T009,predict2,13,9,0,145,139
predict2_V13_T010,predict2,13,10,0,145,139
predict2_V13_T011,predict2,13,11,0,145,139
predict2_V13_T012,predict2,13,12,1,145,139
predict2_V13_T013,predict2,13,13,1,145,139
predict2_V13_T014,predict2,13,14,1,145,139
predict2_V13_T015,predict2,13,15,1,145,139
predict2_V13_T016,predict2,13,16,1,145,139
predict2_V13_T017,predict2,13,17,1,145,139
predict2_V13_T018,predict2,13,18,1,145,139
predict2_V13_T019,predict2,13,19,1,145,139
predict2_V13_T020,predict2,13,20,1,145,139
predict2_V13_T021,predict2,13,21,1,145,139
predict2_V13_T022,predict2,13,22,1,145,139
predict2_V13_T023,predict2,13,23,2,145,139
predict2_V13_T024,predict2,13,24,2,145,139
predict2_V13_T025,predict2,13,25,2,145,139
predict2_V13_T026,predict2,13,26,2,145,139
predict2_V13_T027,predict2,13,27,2,145,139
predict2_V13_T028,predict2,13,28,2,145,139
predict2_V13_T029,predict2,13,29,2,145,139
predict2_V13_T030,predict2,13,30,2,145,139
predict2_V13_T031,predict2,13,31,2,145,139
predict2_V13_T032,predict2,13,32,2,145,139
predict2_V13_T033,predict2,13,33,2,145,139
predict2_V13_T034,predict2,13,34,3,145,139
predict2_V13_T035,predict2,13,35,3,129,127
predict2_V13_T036,predict2,13,36,3,117,109
predict2_V13_T037,predict2,13,37,3,106,109
predict2_V13_T038,predict2,13,38,3,106,109
predict2_V13_T039,predict2,13,39,3,106,109
predict2_V13_T040,predict2,13,40,3,106,109
predict2_V13_T041,predict2,13,41,3,106,109
predict2_V13_T042,predict2,13,42,3,106,109
predict2_V13_T043,predict2,13,43,3,106,109
predict2_V13_T044,predict2,13,44,3,106,109
predict2_V13_T045,predict2,13,45,4,106,109
predict2_V13_T046,predict2,13,46,4,85,109
predict2_V13_T047,predict2,13,47,4,68,109
predict2_V13_T048,predict2,13,48,4,68,109
predict2_V13_T049,predict2,13,49,4,68,109
predict2_V13_T050,predict2,13,50,4,68,109
predict2_V13_T051,predict2,13,51,4,68,109
predict2_V13_T052,predict2,13,52,4,68,109
predict2_V13_T053,predict2,13,53,4,68,109
predict2_V13_T054,predict2,13,54,4,68,109
predict2_V13_T055,predict2,13,55,4,68,109
predict2_V13_T056,predict2,13,56,5,68,109
predict2_V13_T057,predict2,13,57,5,68,109
predict2_V13_T058,predict2,13,58,5,68,109
predict2_V13_T059,predict2,13,59,5,68,109
predict2_V13_T060,predict2,13,60,5,68,109
predict2_V13_T061,predict2,13,61,5,68,109
predict2_V13_T062,predict2,13,62,5,68,109
predict2_V13_T063,predict2,13,63,5,68,109
predict2_V13_T064,predict2,13,64,5,68,109
predict2_V13_T065,predict2,13,65,5,68,109
predict2_V13_T066,predict2,13,66,5,68,109
predict2_V13_T067,predict2,13,67,6,68,109
predict2_V13_T068,predict2,13,68,6,68,109
predict2_V13_T069,predict2,13,69,6,68,109
predict2_V13_T070,predict2,13,70,6,68,109
predict2_V13_T071,predict2,13,71,6,68,109
predict2_V13_T072,predict2,13,72,6,68,109
predict2_V13_T073,predict2,13,73,6,68,109
predict2_V13_T074,predict2,13,74,6,68,109
predict2_V13_T075,predict2,13,75,6,68,104
predict2_V13_T076,predict2,13,76,6,68,100
predict2_V13_T077,predict2,13,77,6,68,100
predict2_V13_T078,predict2,13,78,7,68,100
predict2_V13_T079,predict2,13,79,7,68,100
predict2_V13_T080,predict2,13,80,7,68,100
predict2_V13_T081,predict2,13,81,7,68,100
predict2_V13_T082,predict2,13,82,7,68,100
predict2_V13_T083,predict2,13,83,7,68,100
predict2_V13_T084,predict2,13,84,7,68,100
predict2_V13_T085,predict2,13,85,7,68,100
predict2_V13_T086,predict2,13,86,7,68,100
predict2_V13_T087,predict2,13,87,7,68,100
predict2_V13_T088,predict2,13,88,7,68,100
predict2_V13_T089,predict2,13,89,8,68,100
predict2_V13_T090,predict2,13,90,8,68,100
predict2_V13_T091,predict2,13,91,8,68,100
predict2_V13_T092,predict2,13,92,8,68,100
predict2_V13_T093,predict2,13,93,8,68,100
predict2_V13_T094,predict2,13,94,8,68,100
predict2_V13_T095,predict2,13,95,8,68,100
predict2_V13_T096,predict2,13,96,8,68,100
predict2_V13_T097,predict2,13,97,8,68,100
predict2_V13_T098,predict2,13,98,8,68,100
predict2_V13_T099,predict2,13,99,8,68,100
predict2_V13_T100,predict2,13,100,9,68,100
predict2_V13_T101,predict2,13,101,9,68,100
predict2_V13_T102,predict2,13,102,9,68,100
predict2_V13_T103,predict2,13,103,9,68,100
predict2_V13_T104,predict2,13,104,9,68,100
predict2_V13_T105,predict2,13,105,9,68,100
predict2_V13_T106,predict2,13,106,9,68,100
predict2_V13_T107,predict2,13,107,9,68,100
predict2_V13_T108,predict2,13,108,9,68,100
predict2_V13_T109,predict2,13,109,9,68,100
predict2_V13_T110,predict2,13,110,9,68,100
predict2_V14_T000,predict2,14,0,0,128,128
predict2_V14_T001,predict2,14,1,0,128,128
predict2_V14_T002,predict2,14,2,0,128,128
predict2_V14_T003,predict2,14,3,0,128,128
predict2_V14_T004,predict2,14,4,0,128,128
predict2_V14_T005,predict2,14,5,0,143,128
predict2_V14_T006,predict2,14,6,0,143,128
predict2_V14_T007,predict2,14,7,0,143,128
predict2_V14_T008,predict2,14,8,0,143,128
predict2_V14_T009,predict2,14,9,0,143,128
predict2_V14_T010,predict2,14,10,0,143,128
predict2_V14_T011,predict2,14,11,1,143,128
predict2_V14_T012,predict2,14,12,1,143,128
predict2_V14_T013,predict2,14,13,1,143,128
predict2_V14_T014,predict2,14,14,1,143,128
predict2_V14_T015,predict2,14,15,1,143,128
predict2_V14_T016,predict2,14,16,1,143,128
predict2_V14_T017,predict2,14,17,1,162,128
predict2_V14_T018,predict2,14,18,1,162,108
predict2_V14_T019,predict2,14,19,1,162,108
predict2_V14_T020,predict2,14,20,1,162,108
predict2_V14_T021,predict2,14,21,2,162,108
predict2_V14_T022,predict2,14,22,2,162,105
predict2_V14_T023,predict2,14,23,2,162,93
predict2_V14_T024,predict2,14,24,2,162,93
predict2_V14_T025,predict2,14,25,2,162,93
predict2_V14_T026,predict2,14,26,2,162,93
predict2_V14_T027,predict2,14,27,2,162,93
predict2_V14_T028,predict2,14,28,2,162,93
predict2_V14_T029,predict2,14,29,2,162,93
predict2_V14_T030,predict2,14,30,2,162,93
predict2_V14_T031,predict2,14,31,3,162,93
predict2_V14_T032,predict2,14,32,3,162,93
predict2_V14_T033,predict2,14,33,3,162,93
predict2_V14_T034,predict2,14,34,3,162,93
predict2_V14_T035,predict2,14,35,3,162,93
predict2_V14_T036,predict2,14,36,3,162,93
predict2_V14_T037,predict2,14,37,3,162,106
predict2_V14_T038,predict2,14,38,3,162,147
predict2_V14_T039,predict2,14,39,3,162,156
predict2_V14_T040,predict2,14,40,3,162,156
predict2_V14_T041,predict2,14,41,3,162,156
predict2_V14_T042,predict2,14,42,4,162,158
predict2_V14_T043,predict2,14,43,4,162,158
predict2_V14_T044,predict2,14,44,4,162,158
predict2_V14_T045,predict2,14,45,4,169,158
predict2_V14_T046,predict2,14,46,4,169,158
predict2_V14_T047,predict2,14,47,4,169,158
predict2_V14_T048,predict2,14,48,4,169,158
predict2_V14_T049,predict2,14,49,4,169,158
predict2_V14_T050,predict2,14,50,4,169,158
predict2_V14_T051,predict2,14,51,4,169,158
predict2_V14_T052,predict2,14,52,5,169,158
predict2_V14_T053,predict2,14,53,5,169,158
predict2_V14_T054,predict2,14,54,5,169,158
predict2_V14_T055,predict2,14,55,5,169,158
predict2_V14_T056,predict2,14,56,5,169,158
predict2_V14_T057,predict2,14,57,5,169,158
predict2_V14_T058,predict2,14,58,5,169,158
predict2_V14_T059,predict2,14,59,5,169,158
predict2_V14_T060,predict2,14,60,5,169,158
predict2_V14_T061,predict2,14,61,5,169,158
predict2_V14_T062,predict2,14,62,6,169,158
predict2_V14_T063,predict2,14,63,6,169,158
predict2_V14_T064,predict2,14,64,6,169,158
predict2_V14_T065,predict2,14,65,6,169,158
predict2_V14_T066,predict2,14,66,6,169,158
predict2_V14_T067,predict2,14,67,6,169,158
predict2_V14_T068,predict2,14,68,6,169,158
predict2_V14_T069,predict2,14,69,6,169,158
predict2_V14_T070,predict2,14,70,6,169,158
predict2_V14_T071,predict2,14,71,6,169,158
predict2_V14_T072,predict2,14,72,6,169,158
predict2_V14_T073,predict2,14,73,7,169,158
predict2_V14_T074,predict2,14,74,7,169,158
predict2_V14_T075,predict2,14,75,7,169,158
predict2_V14_T076,predict2,14,76,7,169,158
predict2_V14_T077,predict2,14,77,7,169,158
predict2_V14_T078,predict2,14,78,7,169,158
predict2_V14_T079,predict2,14,79,7,169,158
predict2_V14_T080,predict2,14,80,7,169,158
predict2_V14_T081,predict2,14,81,7,169,158
predict2_V14_T082,predict2,14,82,7,169,158
predict2_V14_T083,predict2,14,83,8,169,158
predict2_V14_T084,predict2,14,84,8,169,158
predict2_V14_T085,predict2,14,85,8,169,158
predict2_V14_T086,predict2,14,86,8,169,158
predict2_V14_T087,predict2,14,87,8,169,158
predict2_V14_T088,predict2,14,88,8,169,158
predict2_V14_T089,predict2,14,89,8,169,158
predict2_V14_T090,predict2,14,90,8,169,158
predict2_V14_T091,predict2,14,91,8,169,158
predict2_V14_T092,predict2,14,92,8,169,158
predict2_V14_T093,predict2,14,93,9,169,158
predict2_V14_T094,predict2,14,94,9,169,158
predict2_V14_T095,predict2,14,95,9,169,158
predict2_V14_T096,predict2,14,96,9,169,158
predict2_V14_T097,predict2,14,97,9,169,158
predict2_V14_T098,predict2,14,98,9,169,158
predict2_V14_T099,predict2,14,99,9,169,158
predict2_V14_T100,predict2,14,100,9,169,158
predict2_V14_T101,predict2,14,101,9,169,158
predict2_V14_T102,predict2,14,102,9,169,158
predict2_V15_T000,predict2,15,0,0,128,128
predict2_V15_T001,predict2,15,1,0,128,128
predict2_V15_T002,predict2,15,2,0,128,128
predict2_V15_T003,predict2,15,3,0,128,128
predict2_V15_T004,predict2,15,4,0,155,128
predict2_V15_T005,predict2,15,5,0,155,128
predict2_V15_T006,predict2,15,6,0,155,128
predict2_V15_T007,predict2,15,7,0,155,128
predict2_V15_T008,predict2,15,8,0,155,128
predict2_V15_T009,predict2,15,9,0,155,128
predict2_V15_T010,predict2,15,10,0,155,128
predict2_V15_T011,predict2,15,11,0,155,128
predict2_V15_T012,predict2,15,12,0,155,128
predict2_V15_T013,predict2,15,13,0,155,128
predict2_V15_T014,predict2,15,14,0,155,128
predict2_V15_T015,predict2,15,15,0,155,128
predict2_V15_T016,predict2,15,16,0,155,128
predict2_V15_T017,predict2,15,17,1,155,128
predict2_V15_T018,predict2,15,18,1,155,128
predict2_V15_T019,predict2,15,19,1,155,128
predict2_V15_T020,predict2,15,20,1,155,128
predict2_V15_T021,predict2,15,21,1,155,128
predict2_V15_T022,predict2,15,22,1,155,128
predict2_V15_T023,predict2,15,23,1,155,128
predict2_V15_T024,predict2,15,24,1,155,128
predict2_V15_T025,predict2,15,25,1,155,128
predict2_V15_T026,predict2,15,26,1,155,128
predict2_V15_T027,predict2,15,27,1,155,128
predict2_V15_T028,predict2,15,28,1,155,128
predict2_V15_T029,predict2,15,29,1,155,128
predict2_V15_T030,predict2,15,30,1,155,162
predict2_V15_T031,predict2,15,31,1,155,200
predict2_V15_T032,predict2,15,32,1,155,252
predict2_V15_T033,predict2,15,33,1,155,214
predict2_V15_T034,predict2,15,34,2,155,174
predict2_V15_T035,predict2,15,35,2,155,159
predict2_V15_T036,predict2,15,36,2,155,159
predict2_V15_T037,predict2,15,37,2,155,159
predict2_V15_T038,predict2,15,38,2,155,159
predict2_V15_T039,predict2,15,39,2,155,159
predict2_V15_T040,predict2,15,40,2,155,159
predict2_V15_T041,predict2,15,41,2,155,159
predict2_V15_T042,predict2,15,42,2,155,159
predict2_V15_T043,predict2,15,43,2,169,159
predict2_V15_T044,predict2,15,44,2,170,159
predict2_V15_T045,predict2,15,45,2,181,159
predict2_V15_T046,predict2,15,46,2,181,162
predict2_V15_T047,predict2,15,47,2,181,179
predict2_V15_T048,predict2,15,48,2,181,179
predict2_V15_T049,predict2,15,49,2,181,179
predict2_V15_T050,predict2,15,50,2,181,179
predict2_V15_T051,predict2,15,51,3,181,179
predict2_V15_T052,predict2,15,52,3,181,179
predict2_V15_T053,predict2,15,53,3,181,179
predict2_V15_T054,predict2,15,54,3,181,179
predict2_V15_T055,predict2,15,55,3,181,179
predict2_V15_T056,predict2,15,56,3,181,179
predict2_V15_T057,predict2,15,57,3,181,179
predict2_V15_T058,predict2,15,58,3,181,179
predict2_V15_T059,predict2,15,59,3,181,179
predict2_V15_T060,predict2,15,60,3,181,179
predict2_V15_T061,predict2,15,61,3,181,179
predict2_V15_T062,predict2,15,62,3,181,179
predict2_V15_T063,predict2,15,63,3,181,179
predict2_V15_T064,predict2,15,64,3,181,179
predict2_V15_T065,predict2,15,65,3,181,179
predict2_V15_T066,predict2,15,66,3,181,179
predict2_V15_T067,predict2,15,67,3,178,169
predict2_V15_T068,predict2,15,68,4,176,162
predict2_V15_T069,predict2,15,69,4,176,162
predict2_V15_T070,predict2,15,70,4,176,162
predict2_V15_T071,predict2,15,71,4,176,162
predict2_V15_T072,predict2,15,72,4,176,162
predict2_V15_T073,predict2,15,73,4,169,162
predict2_V15_T074,predict2,15,74,4,169,162
predict2_V15_T075,predict2,15,75,4,169,162
predict2_V15_T076,predict2,15,76,4,169,162
predict2_V15_T077,predict2,15,77,4,169,162
predict2_V15_T078,predict2,15,78,4,169,162
predict2_V15_T079,predict2,15,79,4,169,162
predict2_V15_T080,predict2,15,80,4,169,162
predict2_V15_T081,predict2,15,81,4,169,162
predict2_V15_T082,predict2,15,82,4,169,162
predict2_V15_T083,predict2,15,83,4,169,162
predict2_V15_T084,predict2,15,84,4,169,162
predict2_V15_T085,predict2,15,85,5,169,162
predict2_V15_T086,predict2,15,86,5,169,162
predict2_V15_T087,predict2,15,87,5,169,162
predict2_V15_T088,predict2,15,88,5,169,162
predict2_V15_T089,predict2,15,89,5,169,162
predict2_V15_T090,predict2,15,90,5,169,162
predict2_V15_T091,predict2,15,91,5,169,162
predict2_V15_T092,predict2,15,92,5,169,162
predict2_V15_T093,predict2,15,93,5,169,162
predict2_V15_T094,predict2,15,94,5,169,162
predict2_V15_T095,predict2,15,95,5,169,162
predict2_V15_T096,predict2,15,96,5,169,162
predict2_V15_T097,predict2,15,97,5,169,162
predict2_V15_T098,predict2,15,98,5,169,162
predict2_V15_T099,predict2,15,99,5,169,162
predict2_V15_T100,predict2,15,100,5,169,162
predict2_V15_T101,predict2,15,101,5,169,162
predict2_V15_T102,predict2,15,102,6,169,162
predict2_V15_T103,predict2,15,103,6,169,162
predict2_V15_T104,predict2,15,104,6,169,162
predict2_V15_T105,predict2,15,105,6,169,162
predict2_V15_T106,predict2,15,106,6,169,162
predict2_V15_T107,predict2,15,107,6,169,162
predict2_V15_T108,predict2,15,108,6,169,162
predict2_V15_T109,predict2,15,109,6,169,162
predict2_V15_T110,predict2,15,110,6,169,162
predict2_V15_T111,predict2,15,111,6,169,162
predict2_V15_T112,predict2,15,112,6,169,162
predict2_V15_T113,predict2,15,113,6,169,162
predict2_V15_T114,predict2,15,114,6,169,162
predict2_V15_T115,predict2,15,115,6,169,162
predict2_V15_T116,predict2,15,116,6,169,162
predict2_V15_T117,predict2,15,117,6,169,162
predict2_V15_T118,predict2,15,118,6,169,162
predict2_V15_T119,predict2,15,119,7,169,162
predict2_V15_T120,predict2,15,120,7,169,162
predict2_V15_T121,predict2,15,121,7,169,162
predict2_V15_T122,predict2,15,122,7,169,162
predict2_V15_T123,predict2,15,123,7,169,162
predict2_V15_T124,predict2,15,124,7,169,162
predict2_V15_T125,predict2,15,125,7,169,162
predict2_V15_T126,predict2,15,126,7,169,162
predict2_V15_T127,predict2,15,127,7,169,162
predict2_V15_T128,predict2,15,128,7,169,162
predict2_V15_T129,predict2,15,129,7,169,162
predict2_V15_T130,predict2,15,130,7,169,162
predict2_V15_T131,predict2,15,131,7,169,162
predict2_V15_T132,predict2,15,132,7,169,162
predict2_V15_T133,predict2,15,133,7,169,162
predict2_V15_T134,predict2,15,134,7,169,162
predict2_V15_T135,predict2,15,135,7,169,162
predict2_V15_T136,predict2,15,136,8,169,162
predict2_V15_T137,predict2,15,137,8,169,162
predict2_V15_T138,predict2,15,138,8,169,162
predict2_V15_T139,predict2,15,139,8,169,162
predict2_V15_T140,predict2,15,140,8,169,162
predict2_V15_T141,predict2,15,141,8,169,162
predict2_V15_T142,predict2,15,142,8,169,162
predict2_V15_T143,predict2,15,143,8,169,162
predict2_V15_T144,predict2,15,144,8,169,162
predict2_V15_T145,predict2,15,145,8,169,162
predict2_V15_T146,predict2,15,146,8,169,162
predict2_V15_T147,predict2,15,147,8,169,162
predict2_V15_T148,predict2,15,148,8,169,162
predict2_V15_T149,predict2,15,149,8,169,162
predict2_V15_T150,predict2,15,150,8,169,162
predict2_V15_T151,predict2,15,151,8,169,162
predict2_V15_T152,predict2,15,152,8,169,162
predict2_V15_T153,predict2,15,153,9,172,162
predict2_V15_T154,predict2,15,154,9,181,162
predict2_V15_T155,predict2,15,155,9,181,162
predict2_V15_T156,predict2,15,156,9,181,162
predict2_V15_T157,predict2,15,157,9,181,162
predict2_V15_T158,predict2,15,158,9,181,162
predict2_V15_T159,predict2,15,159,9,181,162
predict2_V15_T160,predict2,15,160,9,181,162
predict2_V15_T161,predict2,15,161,9,181,162
predict2_V15_T162,predict2,15,162,9,181,162
predict2_V15_T163,predict2,15,163,9,181,162
predict2_V15_T164,predict2,15,164,9,181,162
predict2_V15_T165,predict2,15,165,9,181,162
predict2_V15_T166,predict2,15,166,9,181,162
predict2_V15_T167,predict2,15,167,9,181,162
predict2_V15_T168,predict2,15,168,9,181,162
predict2_V15_T169,predict2,15,169,9,181,162
predict3_V01_T000,predict3,1,0,0,128,128
predict3_V01_T001,predict3,1,1,0,128,128
predict3_V01_T002,predict3,1,2,0,128,128
predict3_V01_T003,predict3,1,3,0,128,128
predict3_V01_T004,predict3,1,4,0,128,128
predict3_V01_T005,predict3,1,5,0,128,128
predict3_V01_T006,predict3,1,6,0,128,128
predict3_V01_T007,predict3,1,7,0,128,128
predict3_V01_T008,predict3,1,8,0,128,128
predict3_V01_T009,predict3,1,9,0,128,131
predict3_V01_T010,predict3,1,10,0,151,156
predict3_V01_T011,predict3,1,11,0,151,156
predict3_V01_T012,predict3,1,12,0,151,156
predict3_V01_T013,predict3,1,13,0,151,156
predict3_V01_T014,predict3,1,14,1,151,156
predict3_V01_T015,predict3,1,15,1,151,156
predict3_V01_T016,predict3,1,16,1,151,156
predict3_V01_T017,predict3,1,17,1,151,156
predict3_V01_T018,predict3,1,18,1,151,156
predict3_V01_T019,predict3,1,19,1,151,156
predict3_V01_T020,predict3,1,20,1,151,156
predict3_V01_T021,predict3,1,21,1,151,156
predict3_V01_T022,predict3,1,22,1,151,156
predict3_V01_T023,predict3,1,23,1,151,156
predict3_V01_T024,predict3,1,24,1,151,156
predict3_V01_T025,predict3,1,25,1,151,156
predict3_V01_T026,predict3,1,26,1,151,156
predict3_V01_T027,predict3,1,27,2,151,156
predict3_V01_T028,predict3,1,28,2,151,156
predict3_V01_T029,predict3,1,29,2,157,205
predict3_V01_T030,predict3,1,30,2,164,179
predict3_V01_T031,predict3,1,31,2,192,166
predict3_V01_T032,predict3,1,32,2,192,151
predict3_V01_T033,predict3,1,33,2,192,151
predict3_V01_T034,predict3,1,34,2,192,151
predict3_V01_T035,predict3,1,35,2,192,151
predict3_V01_T036,predict3,1,36,2,192,151
predict3_V01_T037,predict3,1,37,2,192,151
predict3_V01_T038,predict3,1,38,2,192,151
predict3_V01_T039,predict3,1,39,2,192,151
predict3_V01_T040,predict3,1,40,2,192,151
predict3_V01_T041,predict3,1,41,3,192,151
predict3_V01_T042,predict3,1,42,3,192,151
predict3_V01_T043,predict3,1,43,3,192,151
predict3_V01_T044,predict3,1,44,3,192,151
predict3_V01_T045,predict3,1,45,3,192,151
predict3_V01_T046,predict3,1,46,3,192,151
predict3_V01_T047,predict3,1,47,3,192,151
predict3_V01_T048,predict3,1,48,3,192,151
predict3_V01_T049,predict3,1,49,3,192,151
predict3_V01_T050,predict3,1,50,3,192,151
predict3_V01_T051,predict3,1,51,3,192,151
predict3_V01_T052,predict3,1,52,3,192,151
predict3_V01_T053,predict3,1,53,3,192,151
predict3_V01_T054,predict3,1,54,4,192,151
predict3_V01_T055,predict3,1,55,4,192,151
predict3_V01_T056,predict3,1,56,4,192,151
predict3_V01_T057,predict3,1,57,4,192,151
predict3_V01_T058,predict3,1,58,4,192,151
predict3_V01_T059,predict3,1,59,4,192,151
predict3_V01_T060,predict3,1,60,4,192,151
predict3_V01_T061,predict3,1,61,4,192,151
predict3_V01_T062,predict3,1,62,4,192,151
predict3_V01_T063,predict3,1,63,4,153,159
predict3_V01_T064,predict3,1,64,4,175,160
predict3_V01_T065,predict3,1,65,4,175,160
predict3_V01_T066,predict3,1,66,4,175,160
predict3_V01_T067,predict3,1,67,4,175,160
predict3_V01_T068,predict3,1,68,5,175,160
predict3_V01_T069,predict3,1,69,5,175,160
predict3_V01_T070,predict3,1,70,5,175,160
predict3_V01_T071,predict3,1,71,5,175,160
predict3_V01_T072,predict3,1,72,5,175,160
predict3_V01_T073,predict3,1,73,5,175,160
predict3_V01_T074,predict3,1,74,5,175,160
predict3_V01_T075,predict3,1,75,5,175,160
predict3_V01_T076,predict3,1,76,5,175,160
predict3_V01_T077,predict3,1,77,5,175,160
predict3_V01_T078,predict3,1,78,5,175,160
predict3_V01_T079,predict3,1,79,5,175,160
predict3_V01_T080,predict3,1,80,5,175,160
predict3_V01_T081,predict3,1,81,6,175,160
predict3_V01_T082,predict3,1,82,6,175,160
predict3_V01_T083,predict3,1,83,6,175,160
predict3_V01_T084,predict3,1,84,6,175,160
predict3_V01_T085,predict3,1,85,6,156,186
predict3_V01_T086,predict3,1,86,6,156,186
predict3_V01_T087,predict3,1,87,6,156,186
predict3_V01_T088,predict3,1,88,6,156,186
predict3_V01_T089,predict3,1,89,6,172,164
predict3_V01_T090,predict3,1,90,6,175,164
predict3_V01_T091,predict3,1,91,6,175,164
predict3_V01_T092,predict3,1,92,6,189,150
predict3_V01_T093,predict3,1,93,6,202,143
predict3_V01_T094,predict3,1,94,6,202,143
predict3_V01_T095,predict3,1,95,7,202,143
predict3_V01_T096,predict3,1,96,7,202,143
predict3_V01_T097,predict3,1,97,7,202,143
predict3_V01_T098,predict3,1,98,7,202,143
predict3_V01_T099,predict3,1,99,7,202,143
predict3_V01_T100,predict3,1,100,7,202,143
predict3_V01_T101,predict3,1,101,7,202,143
predict3_V01_T102,predict3,1,102,7,202,143
predict3_V01_T103,predict3,1,103,7,202,143
predict3_V01_T104,predict3,1,104,7,202,143
predict3_V01_T105,predict3,1,105,7,202,143
predict3_V01_T106,predict3,1,106,7,202,143
predict3_V01_T107,predict3,1,107,7,202,143
predict3_V01_T108,predict3,1,108,8,202,143
predict3_V01_T109,predict3,1,109,8,202,143
predict3_V01_T110,predict3,1,110,8,202,143
predict3_V01_T111,predict3,1,111,8,202,143
predict3_V01_T112,predict3,1,112,8,202,143
predict3_V01_T113,predict3,1,113,8,202,143
predict3_V01_T114,predict3,1,114,8,202,143
predict3_V01_T115,predict3,1,115,8,202,143
predict3_V01_T116,predict3,1,116,8,188,155
predict3_V01_T117,predict3,1,117,8,160,155
predict3_V01_T118,predict3,1,118,8,160,155
predict3_V01_T119,predict3,1,119,8,160,155
predict3_V01_T120,predict3,1,120,8,160,155
predict3_V01_T121,predict3,1,121,8,160,155
predict3_V01_T122,predict3,1,122,9,160,155
predict3_V01_T123,predict3,1,123,9,160,155
predict3_V01_T124,predict3,1,124,9,160,155
predict3_V01_T125,predict3,1,125,9,160,155
predict3_V01_T126,predict3,1,126,9,160,155
predict3_V01_T127,predict3,1,127,9,160,155
predict3_V01_T128,predict3,1,128,9,160,155
predict3_V01_T129,predict3,1,129,9,160,155
predict3_V01_T130,predict3,1,130,9,160,155
predict3_V01_T131,predict3,1,131,9,160,143
predict3_V01_T132,predict3,1,132,9,160,143
predict3_V01_T133,predict3,1,133,9,160,143
predict3_V01_T134,predict3,1,134,9,160,143
predict3_V02_T000,predict3,2,0,0,128,128
predict3_V02_T001,predict3,2,1,0,128,128
predict3_V02_T002,predict3,2,2,0,128,128
predict3_V02_T003,predict3,2,3,0,128,128
predict3_V02_T004,predict3,2,4,0,128,128
predict3_V02_T005,predict3,2,5,0,128,128
predict3_V02_T006,predict3,2,6,0,128,128
predict3_V02_T007,predict3,2,7,0,128,128
predict3_V02_T008,predict3,2,8,0,128,128
predict3_V02_T009,predict3,2,9,0,165,145
predict3_V02_T010,predict3,2,10,0,141,190
predict3_V02_T011,predict3,2,11,0,161,190
predict3_V02_T012,predict3,2,12,0,161,190
predict3_V02_T013,predict3,2,13,0,161,190
predict3_V02_T014,predict3,2,14,1,161,190
predict3_V02_T015,predict3,2,15,1,161,190
predict3_V02_T016,predict3,2,16,1,161,190
predict3_V02_T017,predict3,2,17,1,161,190
predict3_V02_T018,predict3,2,18,1,161,190
predict3_V02_T019,predict3,2,19,1,161,190
predict3_V02_T020,predict3,2,20,1,161,190
predict3_V02_T021,predict3,2,21,1,161,190
predict3_V02_T022,predict3,2,22,1,161,190
predict3_V02_T023,predict3,2,23,1,161,190
predict3_V02_T024,predict3,2,24,1,161,190
predict3_V02_T025,predict3,2,25,1,161,190
predict3_V02_T026,predict3,2,26,1,161,190
predict3_V02_T027,predict3,2,27,1,161,190
predict3_V02_T028,predict3,2,28,2,161,190
predict3_V02_T029,predict3,2,29,2,161,190
predict3_V02_T030,predict3,2,30,2,161,190
predict3_V02_T031,predict3,2,31,2,161,190
predict3_V02_T032,predict3,2,32,2,161,190
predict3_V02_T033,predict3,2,33,2,161,190
predict3_V02_T034,predict3,2,34,2,161,190
predict3_V02_T035,predict3,2,35,2,161,190
predict3_V02_T036,predict3,2,36,2,161,190
predict3_V02_T037,predict3,2,37,2,161,190
predict3_V02_T038,predict3,2,38,2,161,190
predict3_V02_T039,predict3,2,39,2,161,190
predict3_V02_T040,predict3,2,40,2,161,190
predict3_V02_T041,predict3,2,41,2,144,190
predict3_V02_T042,predict3,2,42,3,109,190
predict3_V02_T043,predict3,2,43,3,113,150
predict3_V02_T044,predict3,2,44,3,128,112
predict3_V02_T045,predict3,2,45,3,128,112
predict3_V02_T046,predict3,2,46,3,128,112
predict3_V02_T047,predict3,2,47,3,128,112
predict3_V02_T048,predict3,2,48,3,128,112
predict3_V02_T049,predict3,2,49,3,128,112
predict3_V02_T050,predict3,2,50,3,128,112
predict3_V02_T051,predict3,2,51,3,102,101
predict3_V02_T052,predict3,2,52,3,102,92
predict3_V02_T053,predict3,2,53,3,64,58
predict3_V02_T054,predict3,2,54,3,64,58
predict3_V02_T055,predict3,2,55,4,64,58
predict3_V02_T056,predict3,2,56,4,64,58
predict3_V02_T057,predict3,2,57,4,64,58
predict3_V02_T058,predict3,2,58,4,64,58
predict3_V02_T059,predict3,2,59,4,64,58
predict3_V02_T060,predict3,2,60,4,64,58
predict3_V02_T061,predict3,2,61,4,64,58
predict3_V02_T062,predict3,2,62,4,64,58
predict3_V02_T063,predict3,2,63,4,64,58
predict3_V02_T064,predict3,2,64,4,64,58
predict3_V02_T065,predict3,2,65,4,64,58
predict3_V02_T066,predict3,2,66,4,64,58
predict3_V02_T067,predict3,2,67,4,64,58
predict3_V02_T068,predict3,2,68,4,64,58
predict3_V02_T069,predict3,2,69,5,64,58
predict3_V02_T070,predict3,2,70,5,64,58
predict3_V02_T071,predict3,2,71,5,64,58
predict3_V02_T072,predict3,2,72,5,64,58
predict3_V02_T073,predict3,2,73,5,64,58
predict3_V02_T074,predict3,2,74,5,64,58
predict3_V02_T075,predict3,2,75,5,64,58
predict3_V02_T076,predict3,2,76,5,64,58
predict3_V02_T077,predict3,2,77,5,64,58
predict3_V02_T078,predict3,2,78,5,64,58
predict3_V02_T079,predict3,2,79,5,64,58
predict3_V02_T080,predict3,2,80,5,64,58
predict3_V02_T081,predict3,2,81,5,64,58
predict3_V02_T082,predict3,2,82,5,64,58
predict3_V02_T083,predict3,2,83,6,64,58
predict3_V02_T084,predict3,2,84,6,64,58
predict3_V02_T085,predict3,2,85,6,27,105
predict3_V02_T086,predict3,2,86,6,25,87
predict3_V02_T087,predict3,2,87,6,25,87
predict3_V02_T088,predict3,2,88,6,25,87
predict3_V02_T089,predict3,2,89,6,25,87
predict3_V02_T090,predict3,2,90,6,25,87
predict3_V02_T091,predict3,2,91,6,25,87
predict3_V02_T092,predict3,2,92,6,25,87
predict3_V02_T093,predict3,2,93,6,25,87
predict3_V02_T094,predict3,2,94,6,25,87
predict3_V02_T095,predict3,2,95,6,25,87
predict3_V02_T096,predict3,2,96,7,25,87
predict3_V02_T097,predict3,2,97,7,25,87
predict3_V02_T098,predict3,2,98,7,25,87
predict3_V02_T099,predict3,2,99,7,25,87
predict3_V02_T100,predict3,2,100,7,25,87
predict3_V02_T101,predict3,2,101,7,25,87
predict3_V02_T102,predict3,2,102,7,25,87
predict3_V02_T103,predict3,2,103,7,25,87
predict3_V02_T104,predict3,2,104,7,25,87
predict3_V02_T105,predict3,2,105,7,25,87
predict3_V02_T106,predict3,2,106,7,25,87
predict3_V02_T107,predict3,2,107,7,25,87
predict3_V02_T108,predict3,2,108,7,25,87
predict3_V02_T109,predict3,2,109,7,25,87
predict3_V02_T110,predict3,2,110,8,25,87
predict3_V02_T111,predict3,2,111,8,25,87
predict3_V02_T112,predict3,2,112,8,14,87
predict3_V02_T113,predict3,2,113,8,14,87
predict3_V02_T114,predict3,2,114,8,14,87
predict3_V02_T115,predict3,2,115,8,14,87
predict3_V02_T116,predict3,2,116,8,14,87
predict3_V02_T117,predict3,2,117,8,14,87
predict3_V02_T118,predict3,2,118,8,14,87
predict3_V02_T119,predict3,2,119,8,14,87
predict3_V02_T120,predict3,2,120,8,14,87
predict3_V02_T121,predict3,2,121,8,14,87
predict3_V02_T122,predict3,2,122,8,14,87
predict3_V02_T123,predict3,2,123,8,14,87
predict3_V02_T124,predict3,2,124,9,14,87
predict3_V02_T125,predict3,2,125,9,14,87
predict3_V02_T126,predict3,2,126,9,14,87
predict3_V02_T127,predict3,2,127,9,14,87
predict3_V02_T128,predict3,2,128,9,14,87
predict3_V02_T129,predict3,2,129,9,14,86
predict3_V02_T130,predict3,2,130,9,14,73
predict3_V02_T131,predict3,2,131,9,14,73
predict3_V02_T132,predict3,2,132,9,14,73
predict3_V02_T133,predict3,2,133,9,14,73
predict3_V02_T134,predict3,2,134,9,14,73
predict3_V02_T135,predict3,2,135,9,14,73
predict3_V02_T136,predict3,2,136,9,14,73
predict3_V03_T000,predict3,3,0,0,128,128
predict3_V03_T001,predict3,3,1,0,128,128
predict3_V03_T002,predict3,3,2,0,128,128
predict3_V03_T003,predict3,3,3,0,128,128
predict3_V03_T004,predict3,3,4,0,128,128
predict3_V03_T005,predict3,3,5,0,128,128
predict3_V03_T006,predict3,3,6,0,128,128
predict3_V03_T007,predict3,3,7,0,128,128
predict3_V03_T008,predict3,3,8,0,128,128
predict3_V03_T009,predict3,3,9,1,128,128
predict3_V03_T010,predict3,3,10,1,128,128
predict3_V03_T011,predict3,3,11,1,124,144
predict3_V03_T012,predict3,3,12,1,109,144
predict3_V03_T013,predict3,3,13,1,109,144
predict3_V03_T014,predict3,3,14,1,101,163
predict3_V03_T015,predict3,3,15,1,101,163
predict3_V03_T016,predict3,3,16,1,83,163
predict3_V03_T017,predict3,3,17,1,83,163
predict3_V03_T018,predict3,3,18,2,83,163
predict3_V03_T019,predict3,3,19,2,83,163
predict3_V03_T020,predict3,3,20,2,83,163
predict3_V03_T021,predict3,3,21,2,83,163
predict3_V03_T022,predict3,3,22,2,83,163
predict3_V03_T023,predict3,3,23,2,83,163
predict3_V03_T024,predict3,3,24,2,83,163
predict3_V03_T025,predict3,3,25,2,83,163
predict3_V03_T026,predict3,3,26,2,83,163
predict3_V03_T027,predict3,3,27,3,83,163
predict3_V03_T028,predict3,3,28,3,83,163
predict3_V03_T029,predict3,3,29,3,83,163
predict3_V03_T030,predict3,3,30,3,83,163
predict3_V03_T031,predict3,3,31,3,83,163
predict3_V03_T032,predict3,3,32,3,83,163
predict3_V03_T033,predict3,3,33,3,83,163
predict3_V03_T034,predict3,3,34,3,58,163
predict3_V03_T035,predict3,3,35,3,58,163
predict3_V03_T036,predict3,3,36,4,58,163
predict3_V03_T037,predict3,3,37,4,58,163
predict3_V03_T038,predict3,3,38,4,58,163
predict3_V03_T039,predict3,3,39,4,58,163
predict3_V03_T040,predict3,3,40,4,58,163
predict3_V03_T041,predict3,3,41,4,58,163
predict3_V03_T042,predict3,3,42,4,58,163
predict3_V03_T043,predict3,3,43,4,58,163
predict3_V03_T044,predict3,3,44,4,58,163
predict3_V03_T045,predict3,3,45,5,58,163
predict3_V03_T046,predict3,3,46,5,58,163
predict3_V03_T047,predict3,3,47,5,42,190
predict3_V03_T048,predict3,3,48,5,42,190
predict3_V03_T049,predict3,3,49,5,42,190
predict3_V03_T050,predict3,3,50,5,42,190
predict3_V03_T051,predict3,3,51,5,42,180
predict3_V03_T052,predict3,3,52,5,42,180
predict3_V03_T053,predict3,3,53,5,42,180
predict3_V03_T054,predict3,3,54,6,42,180
predict3_V03_T055,predict3,3,55,6,42,180
predict3_V03_T056,predict3,3,56,6,42,180
predict3_V03_T057,predict3,3,57,6,42,180
predict3_V03_T058,predict3,3,58,6,42,180
predict3_V03_T059,predict3,3,59,6,42,180
predict3_V03_T060,predict3,3,60,6,42,180
predict3_V03_T061,predict3,3,61,6,42,180
predict3_V03_T062,predict3,3,62,6,42,180
predict3_V03_T063,predict3,3,63,7,42,180
predict3_V03_T064,predict3,3,64,7,51,177
predict3_V03_T065,predict3,3,65,7,51,177
predict3_V03_T066,predict3,3,66,7,51,177
predict3_V03_T067,predict3,3,67,7,51,177
predict3_V03_T068,predict3,3,68,7,51,177
predict3_V03_T069,predict3,3,69,7,51,177
predict3_V03_T070,predict3,3,70,7,51,177
predict3_V03_T071,predict3,3,71,7,51,177
predict3_V03_T072,predict3,3,72,8,51,177
predict3_V03_T073,predict3,3,73,8,51,177
predict3_V03_T074,predict3,3,74,8,51,177
predict3_V03_T075,predict3,3,75,8,51,177
predict3_V03_T076,predict3,3,76,8,51,177
predict3_V03_T077,predict3,3,77,8,51,177
predict3_V03_T078,predict3,3,78,8,71,167
predict3_V03_T079,predict3,3,79,8,87,156
predict3_V03_T080,predict3,3,80,8,114,156
predict3_V03_T081,predict3,3,81,9,114,156
predict3_V03_T082,predict3,3,82,9,114,156
predict3_V03_T083,predict3,3,83,9,114,156
predict3_V03_T084,predict3,3,84,9,114,156
predict3_V03_T085,predict3,3,85,9,81,176
predict3_V03_T086,predict3,3,86,9,4,190
predict3_V03_T087,predict3,3,87,9,1,190
predict3_V03_T088,predict3,3,88,9,21,190
predict3_V03_T089,predict3,3,89,9,21,190
predict3_V04_T000,predict3,4,0,0,128,128
predict3_V04_T001,predict3,4,1,0,128,128
predict3_V04_T002,predict3,4,2,0,128,131
predict3_V04_T003,predict3,4,3,0,156,167
predict3_V04_T004,predict3,4,4,0,156,170
predict3_V04_T005,predict3,4,5,0,206,200
predict3_V04_T006,predict3,4,6,0,200,210
predict3_V04_T007,predict3,4,7,0,200,210
predict3_V04_T008,predict3,4,8,1,200,210
predict3_V04_T009,predict3,4,9,1,200,210
predict3_V04_T010,predict3,4,10,1,178,223
predict3_V04_T011,predict3,4,11,1,217,223
predict3_V04_T012,predict3,4,12,1,217,223
predict3_V04_T013,predict3,4,13,1,217,223
predict3_V04_T014,predict3,4,14,1,221,211
predict3_V04_T015,predict3,4,15,1,221,211
predict3_V04_T016,predict3,4,16,2,221,211
predict3_V04_T017,predict3,4,17,2,221,211
predict3_V04_T018,predict3,4,18,2,221,211
predict3_V04_T019,predict3,4,19,2,221,211
predict3_V04_T020,predict3,4,20,2,221,211
predict3_V04_T021,predict3,4,21,2,221,211
predict3_V04_T022,predict3,4,22,2,221,211
predict3_V04_T023,predict3,4,23,2,219,217
predict3_V04_T024,predict3,4,24,3,228,201
predict3_V04_T025,predict3,4,25,3,228,201
predict3_V04_T026,predict3,4,26,3,228,201
predict3_V04_T027,predict3,4,27,3,228,201
predict3_V04_T028,predict3,4,28,3,228,201
predict3_V04_T029,predict3,4,29,3,228,201
predict3_V04_T030,predict3,4,30,3,228,201
predict3_V04_T031,predict3,4,31,3,228,201
predict3_V04_T032,predict3,4,32,4,228,201
predict3_V04_T033,predict3,4,33,4,228,201
predict3_V04_T034,predict3,4,34,4,228,201
predict3_V04_T035,predict3,4,35,4,228,201
predict3_V04_T036,predict3,4,36,4,228,201
predict3_V04_T037,predict3,4,37,4,228,201
predict3_V04_T038,predict3,4,38,4,210,201
predict3_V04_T039,predict3,4,39,4,206,201
predict3_V04_T040,predict3,4,40,5,206,201
predict3_V04_T041,predict3,4,41,5,206,201
predict3_V04_T042,predict3,4,42,5,206,201
predict3_V04_T043,predict3,4,43,5,206,201
predict3_V04_T044,predict3,4,44,5,206,201
predict3_V04_T045,predict3,4,45,5,206,201
predict3_V04_T046,predict3,4,46,5,206,201
predict3_V04_T047,predict3,4,47,5,206,201
predict3_V04_T048,predict3,4,48,6,206,201
predict3_V04_T049,predict3,4,49,6,179,216
predict3_V04_T050,predict3,4,50,6,184,196
predict3_V04_T051,predict3,4,51,6,195,196
predict3_V04_T052,predict3,4,52,6,197,184
predict3_V04_T053,predict3,4,53,6,214,184
predict3_V04_T054,predict3,4,54,6,214,184
predict3_V04_T055,predict3,4,55,6,214,184
predict3_V04_T056,predict3,4,56,7,214,184
predict3_V04_T057,predict3,4,57,7,214,184
predict3_V04_T058,predict3,4,58,7,214,184
predict3_V04_T059,predict3,4,59,7,214,184
predict3_V04_T060,predict3,4,60,7,214,184
predict3_V04_T061,predict3,4,61,7,214,184
predict3_V04_T062,predict3,4,62,7,214,184
predict3_V04_T063,predict3,4,63,7,214,184
predict3_V04_T064,predict3,4,64,8,208,205
predict3_V04_T065,predict3,4,65,8,208,205
predict3_V04_T066,predict3,4,66,8,208,205
predict3_V04_T067,predict3,4,67,8,208,205
predict3_V04_T068,predict3,4,68,8,208,205
predict3_V04_T069,predict3,4,69,8,208,205
predict3_V04_T070,predict3,4,70,8,208,205
predict3_V04_T071,predict3,4,71,8,208,205
predict3_V04_T072,predict3,4,72,9,208,205
predict3_V04_T073,predict3,4,73,9,208,205
predict3_V04_T074,predict3,4,74,9,208,205
predict3_V04_T075,predict3,4,75,9,208,205
predict3_V04_T076,predict3,4,76,9,224,198
predict3_V04_T077,predict3,4,77,9,224,198
predict3_V04_T078,predict3,4,78,9,147,232
predict3_V05_T000,predict3,5,0,0,128,128
predict3_V05_T001,predict3,5,1,0,128,128
predict3_V05_T002,predict3,5,2,0,128,128
predict3_V05_T003,predict3,5,3,0,128,128
predict3_V05_T004,predict3,5,4,0,152,128
predict3_V05_T005,predict3,5,5,0,163,128
predict3_V05_T006,predict3,5,6,0,163,152
predict3_V05_T007,predict3,5,7,0,162,162
predict3_V05_T008,predict3,5,8,0,162,162
predict3_V05_T009,predict3,5,9,0,162,162
predict3_V05_T010,predict3,5,10,0,162,162
predict3_V05_T011,predict3,5,11,0,162,162
predict3_V05_T012,predict3,5,12,0,162,162
predict3_V05_T013,predict3,5,13,0,162,162
predict3_V05_T014,predict3,5,14,1,162,162
predict3_V05_T015,predict3,5,15,1,158,199
predict3_V05_T016,predict3,5,16,1,156,199
predict3_V05_T017,predict3,5,17,1,156,199
predict3_V05_T018,predict3,5,18,1,156,199
predict3_V05_T019,predict3,5,19,1,156,199
predict3_V05_T020,predict3,5,20,1,156,199
predict3_V05_T021,predict3,5,21,1,156,199
predict3_V05_T022,predict3,5,22,1,156,199
predict3_V05_T023,predict3,5,23,1,156,199
predict3_V05_T024,predict3,5,24,1,156,199
predict3_V05_T025,predict3,5,25,1,156,199
predict3_V05_T026,predict3,5,26,1,156,199
predict3_V05_T027,predict3,5,27,2,156,199
predict3_V05_T028,predict3,5,28,2,156,199
predict3_V05_T029,predict3,5,29,2,156,199
predict3_V05_T030,predict3,5,30,2,175,186
predict3_V05_T031,predict3,5,31,2,175,186
predict3_V05_T032,predict3,5,32,2,175,186
predict3_V05_T033,predict3,5,33,2,175,186
predict3_V05_T034,predict3,5,34,2,175,186
predict3_V05_T035,predict3,5,35,2,175,186
predict3_V05_T036,predict3,5,36,2,175,186
predict3_V05_T037,predict3,5,37,2,175,186
predict3_V05_T038,predict3,5,38,2,175,186
predict3_V05_T039,predict3,5,39,2,175,186
predict3_V05_T040,predict3,5,40,2,175,186
predict3_V05_T041,predict3,5,41,3,175,186
predict3_V05_T042,predict3,5,42,3,175,186
predict3_V05_T043,predict3,5,43,3,175,186
predict3_V05_T044,predict3,5,44,3,168,199
predict3_V05_T045,predict3,5,45,3,169,199
predict3_V05_T046,predict3,5,46,3,169,199
predict3_V05_T047,predict3,5,47,3,169,199
predict3_V05_T048,predict3,5,48,3,169,199
predict3_V05_T049,predict3,5,49,3,169,199
predict3_V05_T050,predict3,5,50,3,169,199
predict3_V05_T051,predict3,5,51,3,169,199
predict3_V05_T052,predict3,5,52,3,169,199
predict3_V05_T053,predict3,5,53,3,169,199
predict3_V05_T054,predict3,5,54,4,169,199
predict3_V05_T055,predict3,5,55,4,169,199
predict3_V05_T056,predict3,5,56,4,169,199
predict3_V05_T057,predict3,5,57,4,169,199
predict3_V05_T058,predict3,5,58,4,176,172
predict3_V05_T059,predict3,5,59,4,176,171
predict3_V05_T060,predict3,5,60,4,176,156
predict3_V05_T061,predict3,5,61,4,176,156
predict3_V05_T062,predict3,5,62,4,176,156
predict3_V05_T063,predict3,5,63,4,176,140
predict3_V05_T064,predict3,5,64,4,191,109
predict3_V05_T065,predict3,5,65,4,191,109
predict3_V05_T066,predict3,5,66,4,191,109
predict3_V05_T067,predict3,5,67,4,175,136
predict3_V05_T068,predict3,5,68,5,167,153
predict3_V05_T069,predict3,5,69,5,167,153
predict3_V05_T070,predict3,5,70,5,167,153
predict3_V05_T071,predict3,5,71,5,167,153
predict3_V05_T072,predict3,5,72,5,167,153
predict3_V05_T073,predict3,5,73,5,167,153
predict3_V05_T074,predict3,5,74,5,167,153
predict3_V05_T075,predict3,5,75,5,167,153
predict3_V05_T076,predict3,5,76,5,167,153
predict3_V05_T077,predict3,5,77,5,167,153
predict3_V05_T078,predict3,5,78,5,167,153
predict3_V05_T079,predict3,5,79,5,167,153
predict3_V05_T080,predict3,5,80,5,167,153
predict3_V05_T081,predict3,5,81,6,167,153
predict3_V05_T082,predict3,5,82,6,167,153
predict3_V05_T083,predict3,5,83,6,167,153
predict3_V05_T084,predict3,5,84,6,167,153
predict3_V05_T085,predict3,5,85,6,180,152
predict3_V05_T086,predict3,5,86,6,180,184
predict3_V05_T087,predict3,5,87,6,180,184
predict3_V05_T088,predict3,5,88,6,180,184
predict3_V05_T089,predict3,5,89,6,180,184
predict3_V05_T090,predict3,5,90,6,180,184
predict3_V05_T091,predict3,5,91,6,180,184
predict3_V05_T092,predict3,5,92,6,180,184
predict3_V05_T093,predict3,5,93,6,180,184
predict3_V05_T094,predict3,5,94,6,180,184
predict3_V05_T095,predict3,5,95,7,180,184
predict3_V05_T096,predict3,5,96,7,180,184
predict3_V05_T097,predict3,5,97,7,180,184
predict3_V05_T098,predict3,5,98,7,180,184
predict3_V05_T099,predict3,5,99,7,180,184
predict3_V05_T100,predict3,5,100,7,180,184
predict3_V05_T101,predict3,5,101,7,180,184
predict3_V05_T102,predict3,5,102,7,180,184
predict3_V05_T103,predict3,5,103,7,180,184
predict3_V05_T104,predict3,5,104,7,180,184
predict3_V05_T105,predict3,5,105,7,180,184
predict3_V05_T106,predict3,5,106,7,180,184
predict3_V05_T107,predict3,5,107,7,180,184
predict3_V05_T108,predict3,5,108,8,180,184
predict3_V05_T109,predict3,5,109,8,180,184
predict3_V05_T110,predict3,5,110,8,180,184
predict3_V05_T111,predict3,5,111,8,180,184
predict3_V05_T112,predict3,5,112,8,180,184
predict3_V05_T113,predict3,5,113,8,180,184
predict3_V05_T114,predict3,5,114,8,180,184
predict3_V05_T115,predict3,5,115,8,180,184
predict3_V05_T116,predict3,5,116,8,180,184
predict3_V05_T117,predict3,5,117,8,180,184
predict3_V05_T118,predict3,5,118,8,180,184
predict3_V05_T119,predict3,5,119,8,180,184
predict3_V05_T120,predict3,5,120,8,180,184
predict3_V05_T121,predict3,5,121,8,180,184
predict3_V05_T122,predict3,5,122,9,180,184
predict3_V05_T123,predict3,5,123,9,180,184
predict3_V05_T124,predict3,5,124,9,180,177
predict3_V05_T125,predict3,5,125,9,182,160
predict3_V05_T126,predict3,5,126,9,183,141
predict3_V05_T127,predict3,5,127,9,183,141
predict3_V05_T128,predict3,5,128,9,183,141
predict3_V05_T129,predict3,5,129,9,183,141
predict3_V05_T130,predict3,5,130,9,183,141
predict3_V05_T131,predict3,5,131,9,183,141
predict3_V05_T132,predict3,5,132,9,183,141
predict3_V05_T133,predict3,5,133,9,183,141
predict3_V05_T134,predict3,5,134,9,183,141
predict3_V06_T000,predict3,6,0,0,128,128
predict3_V06_T001,predict3,6,1,0,128,128
predict3_V06_T002,predict3,6,2,0,128,128
predict3_V06_T003,predict3,6,3,0,128,128
predict3_V06_T004,predict3,6,4,0,128,128
predict3_V06_T005,predict3,6,5,0,128,128
predict3_V06_T006,predict3,6,6,0,128,128
predict3_V06_T007,predict3,6,7,0,128,128
predict3_V06_T008,predict3,6,8,0,128,128
predict3_V06_T009,predict3,6,9,0,128,153
predict3_V06_T010,predict3,6,10,1,128,153
predict3_V06_T011,predict3,6,11,1,128,153
predict3_V06_T012,predict3,6,12,1,128,153
predict3_V06_T013,predict3,6,13,1,128,153
predict3_V06_T014,predict3,6,14,1,128,153
predict3_V06_T015,predict3,6,15,1,128,153
predict3_V06_T016,predict3,6,16,1,128,153
predict3_V06_T017,predict3,6,17,1,128,153
predict3_V06_T018,predict3,6,18,1,128,153
predict3_V06_T019,predict3,6,19,2,128,153
predict3_V06_T020,predict3,6,20,2,128,153
predict3_V06_T021,predict3,6,21,2,128,153
predict3_V06_T022,predict3,6,22,2,128,153
predict3_V06_T023,predict3,6,23,2,128,153
predict3_V06_T024,predict3,6,24,2,128,153
predict3_V06_T025,predict3,6,25,2,128,153
predict3_V06_T026,predict3,6,26,2,128,153
predict3_V06_T027,predict3,6,27,2,128,153
predict3_V06_T028,predict3,6,28,3,112,153
predict3_V06_T029,predict3,6,29,3,107,153
predict3_V06_T030,predict3,6,30,3,79,179
predict3_V06_T031,predict3,6,31,3,79,179
predict3_V06_T032,predict3,6,32,3,79,179
predict3_V06_T033,predict3,6,33,3,79,190
predict3_V06_T034,predict3,6,34,3,92,196
predict3_V06_T035,predict3,6,35,3,92,196
predict3_V06_T036,predict3,6,36,3,92,196
predict3_V06_T037,predict3,6,37,3,92,196
predict3_V06_T038,predict3,6,38,4,92,196
predict3_V06_T039,predict3,6,39,4,92,196
predict3_V06_T040,predict3,6,40,4,92,196
predict3_V06_T041,predict3,6,41,4,92,196
predict3_V06_T042,predict3,6,42,4,92,196
predict3_V06_T043,predict3,6,43,4,92,196
predict3_V06_T044,predict3,6,44,4,92,196
predict3_V06_T045,predict3,6,45,4,92,196
predict3_V06_T046,predict3,6,46,4,92,196
predict3_V06_T047,predict3,6,47,5,92,196
predict3_V06_T048,predict3,6,48,5,92,196
predict3_V06_T049,predict3,6,49,5,92,196
predict3_V06_T050,predict3,6,50,5,92,196
predict3_V06_T051,predict3,6,51,5,92,196
predict3_V06_T052,predict3,6,52,5,92,196
predict3_V06_T053,predict3,6,53,5,92,196
predict3_V06_T054,predict3,6,54,5,92,196
predict3_V06_T055,predict3,6,55,5,92,196
predict3_V06_T056,predict3,6,56,6,92,196
predict3_V06_T057,predict3,6,57,6,92,196
predict3_V06_T058,predict3,6,58,6,92,196
predict3_V06_T059,predict3,6,59,6,92,196
predict3_V06_T060,predict3,6,60,6,92,196
predict3_V06_T061,predict3,6,61,6,92,196
predict3_V06_T062,predict3,6,62,6,92,196
predict3_V06_T063,predict3,6,63,6,92,196
predict3_V06_T064,predict3,6,64,6,92,196
predict3_V06_T065,predict3,6,65,6,92,196
predict3_V06_T066,predict3,6,66,7,92,196
predict3_V06_T067,predict3,6,67,7,92,196
predict3_V06_T068,predict3,6,68,7,92,196
predict3_V06_T069,predict3,6,69,7,92,167
predict3_V06_T070,predict3,6,70,7,92,123
predict3_V06_T071,predict3,6,71,7,92,68
predict3_V06_T072,predict3,6,72,7,41,62
predict3_V06_T073,predict3,6,73,7,41,62
predict3_V06_T074,predict3,6,74,7,57,71
predict3_V06_T075,predict3,6,75,8,37,71
predict3_V06_T076,predict3,6,76,8,37,71
predict3_V06_T077,predict3,6,77,8,37,71
predict3_V06_T078,predict3,6,78,8,37,71
predict3_V06_T079,predict3,6,79,8,37,71
predict3_V06_T080,predict3,6,80,8,37,71
predict3_V06_T081,predict3,6,81,8,37,71
predict3_V06_T082,predict3,6,82,8,37,71
predict3_V06_T083,predict3,6,83,8,37,71
predict3_V06_T084,predict3,6,84,9,37,71
predict3_V06_T085,predict3,6,85,9,37,71
predict3_V06_T086,predict3,6,86,9,37,71
predict3_V06_T087,predict3,6,87,9,37,71
predict3_V06_T088,predict3,6,88,9,37,71
predict3_V06_T089,predict3,6,89,9,37,71
predict3_V06_T090,predict3,6,90,9,37,71
predict3_V06_T091,predict3,6,91,9,37,71
predict3_V06_T092,predict3,6,92,9,37,71
predict3_V07_T000,predict3,7,0,0,128,128
predict3_V07_T001,predict3,7,1,0,128,128
predict3_V07_T002,predict3,7,2,0,128,128
predict3_V07_T003,predict3,7,3,0,128,128
predict3_V07_T004,predict3,7,4,0,128,128
predict3_V07_T005,predict3,7,5,0,128,128
predict3_V07_T006,predict3,7,6,0,128,128
predict3_V07_T007,predict3,7,7,0,128,128
predict3_V07_T008,predict3,7,8,0,128,128
predict3_V07_T009,predict3,7,9,0,147,154
predict3_V07_T010,predict3,7,10,0,163,154
predict3_V07_T011,predict3,7,11,0,165,209
predict3_V07_T012,predict3,7,12,0,165,246
predict3_V07_T013,predict3,7,13,1,165,255
predict3_V07_T014,predict3,7,14,1,165,255
predict3_V07_T015,predict3,7,15,1,165,255
predict3_V07_T016,predict3,7,16,1,165,255
predict3_V07_T017,predict3,7,17,1,167,222
predict3_V07_T018,predict3,7,18,1,181,216
predict3_V07_T019,predict3,7,19,1,181,216
predict3_V07_T020,predict3,7,20,1,181,208
predict3_V07_T021,predict3,7,21,1,181,195
predict3_V07_T022,predict3,7,22,1,171,187
predict3_V07_T023,predict3,7,23,1,171,187
predict3_V07_T024,predict3,7,24,1,192,187
predict3_V07_T025,predict3,7,25,2,222,187
predict3_V07_T026,predict3,7,26,2,200,187
predict3_V07_T027,predict3,7,27,2,200,187
predict3_V07_T028,predict3,7,28,2,200,187
predict3_V07_T029,predict3,7,29,2,200,187
predict3_V07_T030,predict3,7,30,2,200,187
predict3_V07_T031,predict3,7,31,2,200,187
predict3_V07_T032,predict3,7,32,2,200,215
predict3_V07_T033,predict3,7,33,2,200,191
predict3_V07_T034,predict3,7,34,2,200,191
predict3_V07_T035,predict3,7,35,2,200,191
predict3_V07_T036,predict3,7,36,2,200,191
predict3_V07_T037,predict3,7,37,3,186,191
predict3_V07_T038,predict3,7,38,3,186,191
predict3_V07_T039,predict3,7,39,3,186,191
predict3_V07_T040,predict3,7,40,3,186,191
predict3_V07_T041,predict3,7,41,3,186,191
predict3_V07_T042,predict3,7,42,3,186,191
predict3_V07_T043,predict3,7,43,3,186,191
predict3_V07_T044,predict3,7,44,3,186,191
predict3_V07_T045,predict3,7,45,3,186,191
predict3_V07_T046,predict3,7,46,3,186,191
predict3_V07_T047,predict3,7,47,3,186,191
predict3_V07_T048,predict3,7,48,3,186,191
predict3_V07_T049,predict3,7,49,4,186,191
predict3_V07_T050,predict3,7,50,4,186,191
predict3_V07_T051,predict3,7,51,4,186,201
predict3_V07_T052,predict3,7,52,4,186,201
predict3_V07_T053,predict3,7,53,4,186,201
predict3_V07_T054,predict3,7,54,4,186,201
predict3_V07_T055,predict3,7,55,4,186,201
predict3_V07_T056,predict3,7,56,4,186,201
predict3_V07_T057,predict3,7,57,4,186,201
predict3_V07_T058,predict3,7,58,4,186,201
predict3_V07_T059,predict3,7,59,4,186,201
predict3_V07_T060,predict3,7,60,4,186,201
predict3_V07_T061,predict3,7,61,5,186,201
predict3_V07_T062,predict3,7,62,5,186,201
predict3_V07_T063,predict3,7,63,5,186,201
predict3_V07_T064,predict3,7,64,5,186,201
predict3_V07_T065,predict3,7,65,5,186,201
predict3_V07_T066,predict3,7,66,5,186,201
predict3_V07_T067,predict3,7,67,5,186,201
predict3_V07_T068,predict3,7,68,5,186,201
predict3_V07_T069,predict3,7,69,5,186,201
predict3_V07_T070,predict3,7,70,5,186,201
predict3_V07_T071,predict3,7,71,5,186,201
predict3_V07_T072,predict3,7,72,5,186,201
predict3_V07_T073,predict3,7,73,5,186,201
predict3_V07_T074,predict3,7,74,6,128,204
predict3_V07_T075,predict3,7,75,6,157,209
predict3_V07_T076,predict3,7,76,6,157,209
predict3_V07_T077,predict3,7,77,6,157,209
predict3_V07_T078,predict3,7,78,6,157,209
predict3_V07_T079,predict3,7,79,6,157,209
predict3_V07_T080,predict3,7,80,6,157,209
predict3_V07_T081,predict3,7,81,6,157,209
predict3_V07_T082,predict3,7,82,6,157,209
predict3_V07_T083,predict3,7,83,6,213,201
predict3_V07_T084,predict3,7,84,6,213,201
predict3_V07_T085,predict3,7,85,6,235,196
predict3_V07_T086,predict3,7,86,7,235,196
predict3_V07_T087,predict3,7,87,7,235,196
predict3_V07_T088,predict3,7,88,7,235,196
predict3_V07_T089,predict3,7,89,7,235,196
predict3_V07_T090,predict3,7,90,7,235,196
predict3_V07_T091,predict3,7,91,7,217,182
predict3_V07_T092,predict3,7,92,7,223,168
predict3_V07_T093,predict3,7,93,7,223,168
predict3_V07_T094,predict3,7,94,7,223,168
predict3_V07_T095,predict3,7,95,7,223,168
predict3_V07_T096,predict3,7,96,7,223,168
predict3_V07_T097,predict3,7,97,7,223,168
predict3_V07_T098,predict3,7,98,8,223,168
predict3_V07_T099,predict3,7,99,8,223,168
predict3_V07_T100,predict3,7,100,8,223,168
predict3_V07_T101,predict3,7,101,8,223,168
predict3_V07_T102,predict3,7,102,8,223,168
predict3_V07_T103,predict3,7,103,8,223,168
predict3_V07_T104,predict3,7,104,8,223,168
predict3_V07_T105,predict3,7,105,8,223,168
predict3_V07_T106,predict3,7,106,8,223,168
predict3_V07_T107,predict3,7,107,8,223,168
predict3_V07_T108,predict3,7,108,8,223,168
predict3_V07_T109,predict3,7,109,8,223,168
predict3_V07_T110,predict3,7,110,9,223,168
predict3_V07_T111,predict3,7,111,9,223,168
predict3_V07_T112,predict3,7,112,9,223,168
predict3_V07_T113,predict3,7,113,9,223,168
predict3_V07_T114,predict3,7,114,9,223,168
predict3_V07_T115,predict3,7,115,9,223,168
predict3_V07_T116,predict3,7,116,9,207,175
predict3_V07_T117,predict3,7,117,9,207,183
predict3_V07_T118,predict3,7,118,9,207,183
predict3_V07_T119,predict3,7,119,9,207,183
predict3_V07_T120,predict3,7,120,9,207,183
predict3_V07_T121,predict3,7,121,9,207,183
predict3_V08_T000,predict3,8,0,0,128,128
predict3_V08_T001,predict3,8,1,0,128,128
predict3_V08_T002,predict3,8,2,0,128,128
predict3_V08_T003,predict3,8,3,0,128,128
predict3_V08_T004,predict3,8,4,0,128,128
predict3_V08_T005,predict3,8,5,0,128,128
predict3_V08_T006,predict3,8,6,0,134,146
predict3_V08_T007,predict3,8,7,0,144,172
predict3_V08_T008,predict3,8,8,0,144,172
predict3_V08_T009,predict3,8,9,0,144,172
predict3_V08_T010,predict3,8,10,0,144,172
predict3_V08_T011,predict3,8,11,1,144,172
predict3_V08_T012,predict3,8,12,1,144,172
predict3_V08_T013,predict3,8,13,1,145,174
predict3_V08_T014,predict3,8,14,1,253,174
predict3_V08_T015,predict3,8,15,1,238,162
predict3_V08_T016,predict3,8,16,1,238,152
predict3_V08_T017,predict3,8,17,1,238,152
predict3_V08_T018,predict3,8,18,1,238,167
predict3_V08_T019,predict3,8,19,1,232,168
predict3_V08_T020,predict3,8,20,1,232,168
predict3_V08_T021,predict3,8,21,1,232,168
predict3_V08_T022,predict3,8,22,2,232,168
predict3_V08_T023,predict3,8,23,2,232,168
predict3_V08_T024,predict3,8,24,2,232,168
predict3_V08_T025,predict3,8,25,2,232,168
predict3_V08_T026,predict3,8,26,2,232,168
predict3_V08_T027,predict3,8,27,2,232,168
predict3_V08_T028,predict3,8,28,2,232,168
predict3_V08_T029,predict3,8,29,2,220,168
predict3_V08_T030,predict3,8,30,2,220,168
predict3_V08_T031,predict3,8,31,2,220,168
predict3_V08_T032,predict3,8,32,2,220,163
predict3_V08_T033,predict3,8,33,3,220,145
predict3_V08_T034,predict3,8,34,3,220,149
predict3_V08_T035,predict3,8,35,3,220,159
predict3_V08_T036,predict3,8,36,3,220,159
predict3_V08_T037,predict3,8,37,3,220,159
predict3_V08_T038,predict3,8,38,3,220,159
predict3_V08_T039,predict3,8,39,3,220,159
predict3_V08_T040,predict3,8,40,3,220,159
predict3_V08_T041,predict3,8,41,3,220,159
predict3_V08_T042,predict3,8,42,3,220,159
predict3_V08_T043,predict3,8,43,4,220,159
predict3_V08_T044,predict3,8,44,4,220,159
predict3_V08_T045,predict3,8,45,4,220,159
predict3_V08_T046,predict3,8,46,4,220,159
predict3_V08_T047,predict3,8,47,4,220,159
predict3_V08_T048,predict3,8,48,4,220,159
predict3_V08_T049,predict3,8,49,4,220,159
predict3_V08_T050,predict3,8,50,4,220,159
predict3_V08_T051,predict3,8,51,4,220,159
predict3_V08_T052,predict3,8,52,4,220,159
predict3_V08_T053,predict3,8,53,4,220,159
predict3_V08_T054,predict3,8,54,5,220,159
predict3_V08_T055,predict3,8,55,5,220,159
predict3_V08_T056,predict3,8,56,5,201,175
predict3_V08_T057,predict3,8,57,5,201,175
predict3_V08_T058,predict3,8,58,5,201,175
predict3_V08_T059,predict3,8,59,5,201,175
predict3_V08_T060,predict3,8,60,5,201,175
predict3_V08_T061,predict3,8,61,5,201,175
predict3_V08_T062,predict3,8,62,5,201,175
predict3_V08_T063,predict3,8,63,5,201,175
predict3_V08_T064,predict3,8,64,5,201,175
predict3_V08_T065,predict3,8,65,6,201,175
predict3_V08_T066,predict3,8,66,6,201,175
predict3_V08_T067,predict3,8,67,6,201,175
predict3_V08_T068,predict3,8,68,6,201,175
predict3_V08_T069,predict3,8,69,6,201,138
predict3_V08_T070,predict3,8,70,6,211,123
predict3_V08_T071,predict3,8,71,6,211,123
predict3_V08_T072,predict3,8,72,6,211,119
predict3_V08_T073,predict3,8,73,6,211,108
predict3_V08_T074,predict3,8,74,6,211,108
predict3_V08_T075,predict3,8,75,7,211,108
predict3_V08_T076,predict3,8,76,7,211,108
predict3_V08_T077,predict3,8,77,7,211,108
predict3_V08_T078,predict3,8,78,7,211,108
predict3_V08_T079,predict3,8,79,7,211,108
predict3_V08_T080,predict3,8,80,7,211,108
predict3_V08_T081,predict3,8,81,7,211,108
predict3_V08_T082,predict3,8,82,7,224,108
predict3_V08_T083,predict3,8,83,7,224,122
predict3_V08_T084,predict3,8,84,7,224,148
predict3_V08_T085,predict3,8,85,7,224,148
predict3_V08_T086,predict3,8,86,8,224,148
predict3_V08_T087,predict3,8,87,8,224,148
predict3_V08_T088,predict3,8,88,8,224,148
predict3_V08_T089,predict3,8,89,8,224,148
predict3_V08_T090,predict3,8,90,8,224,148
predict3_V08_T091,predict3,8,91,8,224,148
predict3_V08_T092,predict3,8,92,8,224,148
predict3_V08_T093,predict3,8,93,8,224,148
predict3_V08_T094,predict3,8,94,8,224,148
predict3_V08_T095,predict3,8,95,8,200,148
predict3_V08_T096,predict3,8,96,8,200,133
predict3_V08_T097,predict3,8,97,9,207,116
predict3_V08_T098,predict3,8,98,9,207,116
predict3_V08_T099,predict3,8,99,9,207,145
predict3_V08_T100,predict3,8,100,9,207,145
predict3_V08_T101,predict3,8,101,9,207,177
predict3_V08_T102,predict3,8,102,9,207,177
predict3_V08_T103,predict3,8,103,9,207,177
predict3_V08_T104,predict3,8,104,9,207,177
predict3_V08_T105,predict3,8,105,9,207,177
predict3_V08_T106,predict3,8,106,9,207,193
predict3_V09_T000,predict3,9,0,0,128,128
predict3_V09_T001,predict3,9,1,0,128,128
predict3_V09_T002,predict3,9,2,0,128,128
predict3_V09_T003,predict3,9,3,0,128,128
predict3_V09_T004,predict3,9,4,0,128,128
predict3_V09_T005,predict3,9,5,0,128,128
predict3_V09_T006,predict3,9,6,0,128,128
predict3_V09_T007,predict3,9,7,1,128,128
predict3_V09_T008,predict3,9,8,1,128,128
predict3_V09_T009,predict3,9,9,1,128,128
predict3_V09_T010,predict3,9,10,1,128,128
predict3_V09_T011,predict3,9,11,1,128,128
predict3_V09_T012,predict3,9,12,1,128,128
predict3_V09_T013,predict3,9,13,1,128,128
predict3_V09_T014,predict3,9,14,2,128,129
predict3_V09_T015,predict3,9,15,2,128,129
predict3_V09_T016,predict3,9,16,2,128,129
predict3_V09_T017,predict3,9,17,2,128,129
predict3_V09_T018,predict3,9,18,2,128,129
predict3_V09_T019,predict3,9,19,2,128,129
predict3_V09_T020,predict3,9,20,2,134,127
predict3_V09_T021,predict3,9,21,3,86,157
predict3_V09_T022,predict3,9,22,3,105,148
predict3_V09_T023,predict3,9,23,3,105,147
predict3_V09_T024,predict3,9,24,3,100,147
predict3_V09_T025,predict3,9,25,3,100,147
predict3_V09_T026,predict3,9,26,3,100,154
predict3_V09_T027,predict3,9,27,3,92,162
predict3_V09_T028,predict3,9,28,4,80,180
predict3_V09_T029,predict3,9,29,4,80,180
predict3_V09_T030,predict3,9,30,4,80,180
predict3_V09_T031,predict3,9,31,4,80,180
predict3_V09_T032,predict3,9,32,4,64,197
predict3_V09_T033,predict3,9,33,4,64,209
predict3_V09_T034,predict3,9,34,4,64,209
predict3_V09_T035,predict3,9,35,5,64,209
predict3_V09_T036,predict3,9,36,5,64,209
predict3_V09_T037,predict3,9,37,5,64,209
predict3_V09_T038,predict3,9,38,5,64,209
predict3_V09_T039,predict3,9,39,5,64,209
predict3_V09_T040,predict3,9,40,5,57,209
predict3_V09_T041,predict3,9,41,5,57,209
predict3_V09_T042,predict3,9,42,6,57,209
predict3_V09_T043,predict3,9,43,6,57,209
predict3_V09_T044,predict3,9,44,6,57,209
predict3_V09_T045,predict3,9,45,6,57,209
predict3_V09_T046,predict3,9,46,6,57,209
predict3_V09_T047,predict3,9,47,6,57,209
predict3_V09_T048,predict3,9,48,6,57,209
predict3_V09_T049,predict3,9,49,7,57,209
predict3_V09_T050,predict3,9,50,7,57,209
predict3_V09_T051,predict3,9,51,7,57,209
predict3_V09_T052,predict3,9,52,7,57,209
predict3_V09_T053,predict3,9,53,7,57,209
predict3_V09_T054,predict3,9,54,7,57,209
predict3_V09_T055,predict3,9,55,7,57,209
predict3_V09_T056,predict3,9,56,8,39,196
predict3_V09_T057,predict3,9,57,8,39,196
predict3_V09_T058,predict3,9,58,8,39,196
predict3_V09_T059,predict3,9,59,8,39,196
predict3_V09_T060,predict3,9,60,8,39,196
predict3_V09_T061,predict3,9,61,8,39,196
predict3_V09_T062,predict3,9,62,8,39,196
predict3_V09_T063,predict3,9,63,9,39,196
predict3_V09_T064,predict3,9,64,9,39,196
predict3_V09_T065,predict3,9,65,9,39,196
predict3_V09_T066,predict3,9,66,9,39,196
predict3_V09_T067,predict3,9,67,9,39,196
predict3_V09_T068,predict3,9,68,9,39,196
predict3_V09_T069,predict3,9,69,9,39,196
predict3_V10_T000,predict3,10,0,0,128,128
predict3_V10_T001,predict3,10,1,0,128,128
predict3_V10_T002,predict3,10,2,0,128,128
predict3_V10_T003,predict3,10,3,0,128,128
predict3_V10_T004,predict3,10,4,0,128,128
predict3_V10_T005,predict3,10,5,0,128,128
predict3_V10_T006,predict3,10,6,1,128,128
predict3_V10_T007,predict3,10,7,1,128,128
predict3_V10_T008,predict3,10,8,1,128,128
predict3_V10_T009,predict3,10,9,1,128,128
predict3_V10_T010,predict3,10,10,1,128,128
predict3_V10_T011,predict3,10,11,1,128,128
predict3_V10_T012,predict3,10,12,2,128,128
predict3_V10_T013,predict3,10,13,2,128,128
predict3_V10_T014,predict3,10,14,2,128,128
predict3_V10_T015,predict3,10,15,2,128,128
predict3_V10_T016,predict3,10,16,2,128,128
predict3_V10_T017,predict3,10,17,2,128,128
predict3_V10_T018,predict3,10,18,3,128,128
predict3_V10_T019,predict3,10,19,3,128,128
predict3_V10_T020,predict3,10,20,3,128,128
predict3_V10_T021,predict3,10,21,3,128,128
predict3_V10_T022,predict3,10,22,3,128,128
predict3_V10_T023,predict3,10,23,3,128,128
predict3_V10_T024,predict3,10,24,4,128,128
predict3_V10_T025,predict3,10,25,4,128,128
predict3_V10_T026,predict3,10,26,4,128,128
predict3_V10_T027,predict3,10,27,4,156,110
predict3_V10_T028,predict3,10,28,4,163,110
predict3_V10_T029,predict3,10,29,4,212,110
predict3_V10_T030,predict3,10,30,5,212,110
predict3_V10_T031,predict3,10,31,5,212,85
predict3_V10_T032,predict3,10,32,5,212,85
predict3_V10_T033,predict3,10,33,5,212,85
predict3_V10_T034,predict3,10,34,5,212,85
predict3_V10_T035,predict3,10,35,5,212,85
predict3_V10_T036,predict3,10,36,6,212,85
predict3_V10_T037,predict3,10,37,6,212,85
predict3_V10_T038,predict3,10,38,6,212,85
predict3_V10_T039,predict3,10,39,6,212,85
predict3_V10_T040,predict3,10,40,6,212,85
predict3_V10_T041,predict3,10,41,6,212,85
predict3_V10_T042,predict3,10,42,7,212,85
predict3_V10_T043,predict3,10,43,7,212,85
predict3_V10_T044,predict3,10,44,7,212,85
predict3_V10_T045,predict3,10,45,7,212,85
predict3_V10_T046,predict3,10,46,7,212,85
predict3_V10_T047,predict3,10,47,7,212,85
predict3_V10_T048,predict3,10,48,8,212,85
predict3_V10_T049,predict3,10,49,8,212,78
predict3_V10_T050,predict3,10,50,8,206,51
predict3_V10_T051,predict3,10,51,8,202,51
predict3_V10_T052,predict3,10,52,8,202,51
predict3_V10_T053,predict3,10,53,8,202,51
predict3_V10_T054,predict3,10,54,9,202,51
predict3_V10_T055,predict3,10,55,9,202,51
predict3_V10_T056,predict3,10,56,9,202,51
predict3_V10_T057,predict3,10,57,9,202,51
predict3_V10_T058,predict3,10,58,9,202,51
predict3_V10_T059,predict3,10,59,9,202,51
predict3_V11_T000,predict3,11,0,0,128,128
predict3_V11_T001,predict3,11,1,0,128,128
predict3_V11_T002,predict3,11,2,0,128,128
predict3_V11_T003,predict3,11,3,0,128,128
predict3_V11_T004,predict3,11,4,0,128,128
predict3_V11_T005,predict3,11,5,0,128,128
predict3_V11_T006,predict3,11,6,0,128,128
predict3_V11_T007,predict3,11,7,1,128,128
predict3_V11_T008,predict3,11,8,1,128,128
predict3_V11_T009,predict3,11,9,1,128,128
predict3_V11_T010,predict3,11,10,1,128,128
predict3_V11_T011,predict3,11,11,1,128,128
predict3_V11_T012,predict3,11,12,1,128,128
predict3_V11_T013,predict3,11,13,2,128,128
predict3_V11_T014,predict3,11,14,2,121,132
predict3_V11_T015,predict3,11,15,2,117,132
predict3_V11_T016,predict3,11,16,2,108,145
predict3_V11_T017,predict3,11,17,2,108,145
predict3_V11_T018,predict3,11,18,2,108,145
predict3_V11_T019,predict3,11,19,3,108,145
predict3_V11_T020,predict3,11,20,3,108,145
predict3_V11_T021,predict3,11,21,3,108,145
predict3_V11_T022,predict3,11,22,3,90,149
predict3_V11_T023,predict3,11,23,3,90,160
predict3_V11_T024,predict3,11,24,3,90,160
predict3_V11_T025,predict3,11,25,4,90,160
predict3_V11_T026,predict3,11,26,4,107,160
predict3_V11_T027,predict3,11,27,4,120,160
predict3_V11_T028,predict3,11,28,4,120,157
predict3_V11_T029,predict3,11,29,4,120,143
predict3_V11_T030,predict3,11,30,4,120,143
predict3_V11_T031,predict3,11,31,5,120,143
predict3_V11_T032,predict3,11,32,5,120,143
predict3_V11_T033,predict3,11,33,5,120,143
predict3_V11_T034,predict3,11,34,5,120,143
predict3_V11_T035,predict3,11,35,5,120,143
predict3_V11_T036,predict3,11,36,5,120,143
predict3_V11_T037,predict3,11,37,6,120,143
predict3_V11_T038,predict3,11,38,6,120,143
predict3_V11_T039,predict3,11,39,6,120,143
predict3_V11_T040,predict3,11,40,6,120,143
predict3_V11_T041,predict3,11,41,6,120,143
predict3_V11_T042,predict3,11,42,6,120,143
predict3_V11_T043,predict3,11,43,7,120,143
predict3_V11_T044,predict3,11,44,7,120,143
predict3_V11_T045,predict3,11,45,7,120,143
predict3_V11_T046,predict3,11,46,7,120,143
predict3_V11_T047,predict3,11,47,7,120,143
predict3_V11_T048,predict3,11,48,7,120,143
predict3_V11_T049,predict3,11,49,8,120,143
predict3_V11_T050,predict3,11,50,8,120,143
predict3_V11_T051,predict3,11,51,8,111,151
predict3_V11_T052,predict3,11,52,8,111,151
predict3_V11_T053,predict3,11,53,8,127,172
predict3_V11_T054,predict3,11,54,8,113,184
predict3_V11_T055,predict3,11,55,9,94,184
predict3_V11_T056,predict3,11,56,9,88,184
predict3_V11_T057,predict3,11,57,9,88,184
predict3_V11_T058,predict3,11,58,9,88,184
predict3_V11_T059,predict3,11,59,9,68,184
predict3_V11_T060,predict3,11,60,9,68,184
predict3_V12_T000,predict3,12,0,0,128,128
predict3_V12_T001,predict3,12,1,0,128,128
predict3_V12_T002,predict3,12,2,0,128,128
predict3_V12_T003,predict3,12,3,0,128,128
predict3_V12_T004,predict3,12,4,0,128,128
predict3_V12_T005,predict3,12,5,0,128,128
predict3_V12_T006,predict3,12,6,0,128,128
predict3_V12_T007,predict3,12,7,1,128,128
predict3_V12_T008,predict3,12,8,1,128,128
predict3_V12_T009,predict3,12,9,1,128,128
predict3_V12_T010,predict3,12,10,1,128,128
predict3_V12_T011,predict3,12,11,1,128,128
predict3_V12_T012,predict3,12,12,1,128,128
predict3_V12_T013,predict3,12,13,2,128,128
predict3_V12_T014,predict3,12,14,2,128,128
predict3_V12_T015,predict3,12,15,2,128,128
predict3_V12_T016,predict3,12,16,2,128,128
predict3_V12_T017,predict3,12,17,2,128,128
predict3_V12_T018,predict3,12,18,2,128,128
predict3_V12_T019,predict3,12,19,3,128,128
predict3_V12_T020,predict3,12,20,3,128,128
predict3_V12_T021,predict3,12,21,3,128,128
predict3_V12_T022,predict3,12,22,3,149,128
predict3_V12_T023,predict3,12,23,3,172,128
predict3_V12_T024,predict3,12,24,3,172,128
predict3_V12_T025,predict3,12,25,3,172,128
predict3_V12_T026,predict3,12,26,4,172,128
predict3_V12_T027,predict3,12,27,4,172,128
predict3_V12_T028,predict3,12,28,4,172,128
predict3_V12_T029,predict3,12,29,4,172,128
predict3_V12_T030,predict3,12,30,4,172,128
predict3_V12_T031,predict3,12,31,4,172,128
predict3_V12_T032,predict3,12,32,5,172,128
predict3_V12_T033,predict3,12,33,5,187,116
predict3_V12_T034,predict3,12,34,5,193,94
predict3_V12_T035,predict3,12,35,5,196,87
predict3_V12_T036,predict3,12,36,5,199,87
predict3_V12_T037,predict3,12,37,5,199,87
predict3_V12_T038,predict3,12,38,6,199,87
predict3_V12_T039,predict3,12,39,6,199,87
predict3_V12_T040,predict3,12,40,6,199,87
predict3_V12_T041,predict3,12,41,6,199,87
predict3_V12_T042,predict3,12,42,6,199,87
predict3_V12_T043,predict3,12,43,6,199,87
predict3_V12_T044,predict3,12,44,6,199,87
predict3_V12_T045,predict3,12,45,7,199,87
predict3_V12_T046,predict3,12,46,7,199,87
predict3_V12_T047,predict3,12,47,7,199,87
predict3_V12_T048,predict3,12,48,7,199,67
predict3_V12_T049,predict3,12,49,7,199,67
predict3_V12_T050,predict3,12,50,7,199,67
predict3_V12_T051,predict3,12,51,8,199,67
predict3_V12_T052,predict3,12,52,8,199,67
predict3_V12_T053,predict3,12,53,8,199,67
predict3_V12_T054,predict3,12,54,8,199,67
predict3_V12_T055,predict3,12,55,8,199,67
predict3_V12_T056,predict3,12,56,8,182,67
predict3_V12_T057,predict3,12,57,9,182,67
predict3_V12_T058,predict3,12,58,9,182,67
predict3_V12_T059,predict3,12,59,9,182,67
predict3_V12_T060,predict3,12,60,9,182,67
predict3_V12_T061,predict3,12,61,9,182,67
predict3_V12_T062,predict3,12,62,9,165,67
predict3_V13_T000,predict3,13,0,0,128,128
predict3_V13_T001,predict3,13,1,0,128,128
predict3_V13_T002,predict3,13,2,0,128,128
predict3_V13_T003,predict3,13,3,0,128,128
predict3_V13_T004,predict3,13,4,0,128,128
predict3_V13_T005,predict3,13,5,0,128,128
predict3_V13_T006,predict3,13,6,0,128,128
predict3_V13_T007,predict3,13,7,0,128,128
predict3_V13_T008,predict3,13,8,0,128,128
predict3_V13_T009,predict3,13,9,0,128,128
predict3_V13_T010,predict3,13,10,0,128,128
predict3_V13_T011,predict3,13,11,0,128,128
predict3_V13_T012,predict3,13,12,1,128,128
predict3_V13_T013,predict3,13,13,1,128,128
predict3_V13_T014,predict3,13,14,1,128,128
predict3_V13_T015,predict3,13,15,1,128,128
predict3_V13_T016,predict3,13,16,1,128,128
predict3_V13_T017,predict3,13,17,1,128,128
predict3_V13_T018,predict3,13,18,1,128,128
predict3_V13_T019,predict3,13,19,1,128,115
predict3_V13_T020,predict3,13,20,1,118,113
predict3_V13_T021,predict3,13,21,1,118,113
predict3_V13_T022,predict3,13,22,1,118,113
predict3_V13_T023,predict3,13,23,2,118,113
predict3_V13_T024,predict3,13,24,2,118,113
predict3_V13_T025,predict3,13,25,2,118,113
predict3_V13_T026,predict3,13,26,2,118,113
predict3_V13_T027,predict3,13,27,2,118,113
predict3_V13_T028,predict3,13,28,2,108,113
predict3_V13_T029,predict3,13,29,2,108,99
predict3_V13_T030,predict3,13,30,2,84,87
predict3_V13_T031,predict3,13,31,2,84,87
predict3_V13_T032,predict3,13,32,2,84,87
predict3_V13_T033,predict3,13,33,2,84,87
predict3_V13_T034,predict3,13,34,3,84,87
predict3_V13_T035,predict3,13,35,3,84,87
predict3_V13_T036,predict3,13,36,3,84,87
predict3_V13_T037,predict3,13,37,3,84,87
predict3_V13_T038,predict3,13,38,3,84,87
predict3_V13_T039,predict3,13,39,3,84,87
predict3_V13_T040,predict3,13,40,3,84,87
predict3_V13_T041,predict3,13,41,3,84,87
predict3_V13_T042,predict3,13,42,3,84,87
predict3_V13_T043,predict3,13,43,3,84,87
predict3_V13_T044,predict3,13,44,3,84,87
predict3_V13_T045,predict3,13,45,4,84,87
predict3_V13_T046,predict3,13,46,4,84,87
predict3_V13_T047,predict3,13,47,4,84,87
predict3_V13_T048,predict3,13,48,4,84,87
predict3_V13_T049,predict3,13,49,4,84,87
predict3_V13_T050,predict3,13,50,4,84,87
predict3_V13_T051,predict3,13,51,4,84,87
predict3_V13_T052,predict3,13,52,4,84,87
predict3_V13_T053,predict3,13,53,4,62,76
predict3_V13_T054,predict3,13,54,4,57,76
predict3_V13_T055,predict3,13,55,4,57,76
predict3_V13_T056,predict3,13,56,5,57,76
predict3_V13_T057,predict3,13,57,5,57,76
predict3_V13_T058,predict3,13,58,5,57,76
predict3_V13_T059,predict3,13,59,5,57,76
predict3_V13_T060,predict3,13,60,5,57,76
predict3_V13_T061,predict3,13,61,5,57,76
predict3_V13_T062,predict3,13,62,5,57,76
predict3_V13_T063,predict3,13,63,5,57,76
predict3_V13_T064,predict3,13,64,5,57,76
predict3_V13_T065,predict3,13,65,5,57,76
predict3_V13_T066,predict3,13,66,5,57,76
predict3_V13_T067,predict3,13,67,6,57,76
predict3_V13_T068,predict3,13,68,6,57,76
predict3_V13_T069,predict3,13,69,6,57,76
predict3_V13_T070,predict3,13,70,6,52,73
predict3_V13_T071,predict3,13,71,6,46,73
predict3_V13_T072,predict3,13,72,6,46,73
predict3_V13_T073,predict3,13,73,6,46,73
predict3_V13_T074,predict3,13,74,6,46,73
predict3_V13_T075,predict3,13,75,6,46,73
predict3_V13_T076,predict3,13,76,6,46,73
predict3_V13_T077,predict3,13,77,6,46,73
predict3_V13_T078,predict3,13,78,7,46,73
predict3_V13_T079,predict3,13,79,7,46,73
predict3_V13_T080,predict3,13,80,7,46,73
predict3_V13_T081,predict3,13,81,7,46,73
predict3_V13_T082,predict3,13,82,7,46,73
predict3_V13_T083,predict3,13,83,7,46,73
predict3_V13_T084,predict3,13,84,7,46,73
predict3_V13_T085,predict3,13,85,7,46,73
predict3_V13_T086,predict3,13,86,7,46,73
predict3_V13_T087,predict3,13,87,7,46,73
predict3_V13_T088,predict3,13,88,7,46,73
predict3_V13_T089,predict3,13,89,8,40,73
predict3_V13_T090,predict3,13,90,8,40,73
predict3_V13_T091,predict3,13,91,8,40,73
predict3_V13_T092,predict3,13,92,8,40,73
predict3_V13_T093,predict3,13,93,8,40,73
predict3_V13_T094,predict3,13,94,8,40,73
predict3_V13_T095,predict3,13,95,8,40,73
predict3_V13_T096,predict3,13,96,8,40,73
predict3_V13_T097,predict3,13,97,8,40,73
predict3_V13_T098,predict3,13,98,8,40,73
predict3_V13_T099,predict3,13,99,8,40,73
predict3_V13_T100,predict3,13,100,9,40,73
predict3_V13_T101,predict3,13,101,9,40,73
predict3_V13_T102,predict3,13,102,9,40,73
predict3_V13_T103,predict3,13,103,9,40,73
predict3_V13_T104,predict3,13,104,9,40,73
predict3_V13_T105,predict3,13,105,9,40,73
predict3_V13_T106,predict3,13,106,9,40,73
predict3_V13_T107,predict3,13,107,9,40,73
predict3_V13_T108,predict3,13,108,9,40,73
predict3_V13_T109,predict3,13,109,9,40,73
predict3_V13_T110,predict3,13,110,9,40,73
predict3_V14_T000,predict3,14,0,0,128,128
predict3_V14_T001,predict3,14,1,0,128,128
predict3_V14_T002,predict3,14,2,0,128,128
predict3_V14_T003,predict3,14,3,0,128,128
predict3_V14_T004,predict3,14,4,0,128,128
predict3_V14_T005,predict3,14,5,0,128,128
predict3_V14_T006,predict3,14,6,0,150,130
predict3_V14_T007,predict3,14,7,0,182,153
predict3_V14_T008,predict3,14,8,0,173,153
predict3_V14_T009,predict3,14,9,0,173,153
predict3_V14_T010,predict3,14,10,0,173,153
predict3_V14_T011,predict3,14,11,1,173,153
predict3_V14_T012,predict3,14,12,1,173,153
predict3_V14_T013,predict3,14,13,1,173,153
predict3_V14_T014,predict3,14,14,1,173,153
predict3_V14_T015,predict3,14,15,1,173,153
predict3_V14_T016,predict3,14,16,1,173,126
predict3_V14_T017,predict3,14,17,1,173,126
predict3_V14_T018,predict3,14,18,1,170,160
predict3_V14_T019,predict3,14,19,1,165,190
predict3_V14_T020,predict3,14,20,1,181,190
predict3_V14_T021,predict3,14,21,2,181,190
predict3_V14_T022,predict3,14,22,2,181,190
predict3_V14_T023,predict3,14,23,2,181,190
predict3_V14_T024,predict3,14,24,2,181,190
predict3_V14_T025,predict3,14,25,2,181,190
predict3_V14_T026,predict3,14,26,2,181,190
predict3_V14_T027,predict3,14,27,2,181,190
predict3_V14_T028,predict3,14,28,2,181,203
predict3_V14_T029,predict3,14,29,2,181,203
predict3_V14_T030,predict3,14,30,2,181,203
predict3_V14_T031,predict3,14,31,3,181,203
predict3_V14_T032,predict3,14,32,3,181,203
predict3_V14_T033,predict3,14,33,3,181,203
predict3_V14_T034,predict3,14,34,3,181,203
predict3_V14_T035,predict3,14,35,3,181,203
predict3_V14_T036,predict3,14,36,3,181,203
predict3_V14_T037,predict3,14,37,3,181,203
predict3_V14_T038,predict3,14,38,3,181,203
predict3_V14_T039,predict3,14,39,3,181,203
predict3_V14_T040,predict3,14,40,3,181,203
predict3_V14_T041,predict3,14,41,3,181,203
predict3_V14_T042,predict3,14,42,4,181,203
predict3_V14_T043,predict3,14,43,4,181,203
predict3_V14_T044,predict3,14,44,4,181,203
predict3_V14_T045,predict3,14,45,4,181,203
predict3_V14_T046,predict3,14,46,4,181,203
predict3_V14_T047,predict3,14,47,4,181,203
predict3_V14_T048,predict3,14,48,4,209,203
predict3_V14_T049,predict3,14,49,4,209,203
predict3_V14_T050,predict3,14,50,4,209,203
predict3_V14_T051,predict3,14,51,4,235,203
predict3_V14_T052,predict3,14,52,5,226,203
predict3_V14_T053,predict3,14,53,5,226,203
predict3_V14_T054,predict3,14,54,5,226,203
predict3_V14_T055,predict3,14,55,5,226,203
predict3_V14_T056,predict3,14,56,5,226,203
predict3_V14_T057,predict3,14,57,5,226,203
predict3_V14_T058,predict3,14,58,5,226,203
predict3_V14_T059,predict3,14,59,5,226,203
predict3_V14_T060,predict3,14,60,5,226,203
predict3_V14_T061,predict3,14,61,5,226,203
predict3_V14_T062,predict3,14,62,6,226,203
predict3_V14_T063,predict3,14,63,6,226,203
predict3_V14_T064,predict3,14,64,6,226,203
predict3_V14_T065,predict3,14,65,6,226,203
predict3_V14_T066,predict3,14,66,6,226,203
predict3_V14_T067,predict3,14,67,6,226,203
predict3_V14_T068,predict3,14,68,6,226,203
predict3_V14_T069,predict3,14,69,6,226,203
predict3_V14_T070,predict3,14,70,6,226,203
predict3_V14_T071,predict3,14,71,6,226,203
predict3_V14_T072,predict3,14,72,6,226,203
predict3_V14_T073,predict3,14,73,7,226,203
predict3_V14_T074,predict3,14,74,7,226,203
predict3_V14_T075,predict3,14,75,7,226,203
predict3_V14_T076,predict3,14,76,7,226,203
predict3_V14_T077,predict3,14,77,7,226,203
predict3_V14_T078,predict3,14,78,7,226,203
predict3_V14_T079,predict3,14,79,7,226,203
predict3_V14_T080,predict3,14,80,7,226,203
predict3_V14_T081,predict3,14,81,7,226,203
predict3_V14_T082,predict3,14,82,7,226,203
predict3_V14_T083,predict3,14,83,8,226,203
predict3_V14_T084,predict3,14,84,8,226,203
predict3_V14_T085,predict3,14,85,8,201,182
predict3_V14_T086,predict3,14,86,8,195,186
predict3_V14_T087,predict3,14,87,8,195,186
predict3_V14_T088,predict3,14,88,8,195,186
predict3_V14_T089,predict3,14,89,8,195,186
predict3_V14_T090,predict3,14,90,8,195,186
predict3_V14_T091,predict3,14,91,8,195,186
predict3_V14_T092,predict3,14,92,8,195,186
predict3_V14_T093,predict3,14,93,9,195,186
predict3_V14_T094,predict3,14,94,9,195,186
predict3_V14_T095,predict3,14,95,9,195,186
predict3_V14_T096,predict3,14,96,9,195,186
predict3_V14_T097,predict3,14,97,9,195,186
predict3_V14_T098,predict3,14,98,9,195,186
predict3_V14_T099,predict3,14,99,9,195,186
predict3_V14_T100,predict3,14,100,9,195,186
predict3_V14_T101,predict3,14,101,9,195,186
predict3_V14_T102,predict3,14,102,9,195,186
predict3_V15_T000,predict3,15,0,0,128,128
predict3_V15_T001,predict3,15,1,0,128,128
predict3_V15_T002,predict3,15,2,0,128,128
predict3_V15_T003,predict3,15,3,0,128,128
predict3_V15_T004,predict3,15,4,0,128,128
predict3_V15_T005,predict3,15,5,0,128,128
predict3_V15_T006,predict3,15,6,0,128,128
predict3_V15_T007,predict3,15,7,0,128,128
predict3_V15_T008,predict3,15,8,0,128,128
predict3_V15_T009,predict3,15,9,0,128,128
predict3_V15_T010,predict3,15,10,0,182,160
predict3_V15_T011,predict3,15,11,0,214,169
predict3_V15_T012,predict3,15,12,0,214,152
predict3_V15_T013,predict3,15,13,0,214,152
predict3_V15_T014,predict3,15,14,0,214,152
predict3_V15_T015,predict3,15,15,0,214,152
predict3_V15_T016,predict3,15,16,0,214,152
predict3_V15_T017,predict3,15,17,1,214,152
predict3_V15_T018,predict3,15,18,1,214,152
predict3_V15_T019,predict3,15,19,1,214,152
predict3_V15_T020,predict3,15,20,1,214,152
predict3_V15_T021,predict3,15,21,1,214,170
predict3_V15_T022,predict3,15,22,1,214,170
predict3_V15_T023,predict3,15,23,1,214,170
predict3_V15_T024,predict3,15,24,1,214,170
predict3_V15_T025,predict3,15,25,1,214,170
predict3_V15_T026,predict3,15,26,1,214,170
predict3_V15_T027,predict3,15,27,1,214,170
predict3_V15_T028,predict3,15,28,1,210,182
predict3_V15_T029,predict3,15,29,1,196,187
predict3_V15_T030,predict3,15,30,1,196,187
predict3_V15_T031,predict3,15,31,1,196,187
predict3_V15_T032,predict3,15,32,1,196,195
predict3_V15_T033,predict3,15,33,1,196,228
predict3_V15_T034,predict3,15,34,2,196,215
predict3_V15_T035,predict3,15,35,2,196,215
predict3_V15_T036,predict3,15,36,2,196,215
predict3_V15_T037,predict3,15,37,2,196,215
predict3_V15_T038,predict3,15,38,2,196,215
predict3_V15_T039,predict3,15,39,2,193,197
predict3_V15_T040,predict3,15,40,2,189,209
predict3_V15_T041,predict3,15,41,2,189,209
predict3_V15_T042,predict3,15,42,2,189,209
predict3_V15_T043,predict3,15,43,2,189,209
predict3_V15_T044,predict3,15,44,2,189,209
predict3_V15_T045,predict3,15,45,2,189,208
predict3_V15_T046,predict3,15,46,2,199,197
predict3_V15_T047,predict3,15,47,2,199,197
predict3_V15_T048,predict3,15,48,2,199,197
predict3_V15_T049,predict3,15,49,2,199,197
predict3_V15_T050,predict3,15,50,2,199,197
predict3_V15_T051,predict3,15,51,3,199,197
predict3_V15_T052,predict3,15,52,3,199,197
predict3_V15_T053,predict3,15,53,3,199,197
predict3_V15_T054,predict3,15,54,3,199,197
predict3_V15_T055,predict3,15,55,3,199,197
predict3_V15_T056,predict3,15,56,3,199,197
predict3_V15_T057,predict3,15,57,3,209,218
predict3_V15_T058,predict3,15,58,3,209,218
predict3_V15_T059,predict3,15,59,3,209,218
predict3_V15_T060,predict3,15,60,3,209,218
predict3_V15_T061,predict3,15,61,3,209,218
predict3_V15_T062,predict3,15,62,3,209,218
predict3_V15_T063,predict3,15,63,3,209,218
predict3_V15_T064,predict3,15,64,3,209,218
predict3_V15_T065,predict3,15,65,3,209,218
predict3_V15_T066,predict3,15,66,3,209,218
predict3_V15_T067,predict3,15,67,3,209,218
predict3_V15_T068,predict3,15,68,4,209,218
predict3_V15_T069,predict3,15,69,4,209,218
predict3_V15_T070,predict3,15,70,4,209,218
predict3_V15_T071,predict3,15,71,4,209,218
predict3_V15_T072,predict3,15,72,4,209,218
predict3_V15_T073,predict3,15,73,4,209,218
predict3_V15_T074,predict3,15,74,4,220,195
predict3_V15_T075,predict3,15,75,4,212,173
predict3_V15_T076,predict3,15,76,4,212,173
predict3_V15_T077,predict3,15,77,4,212,173
predict3_V15_T078,predict3,15,78,4,212,173
predict3_V15_T079,predict3,15,79,4,212,173
predict3_V15_T080,predict3,15,80,4,212,173
predict3_V15_T081,predict3,15,81,4,212,173
predict3_V15_T082,predict3,15,82,4,212,173
predict3_V15_T083,predict3,15,83,4,212,173
predict3_V15_T084,predict3,15,84,4,212,173
predict3_V15_T085,predict3,15,85,5,212,173
predict3_V15_T086,predict3,15,86,5,212,173
predict3_V15_T087,predict3,15,87,5,212,173
predict3_V15_T088,predict3,15,88,5,212,173
predict3_V15_T089,predict3,15,89,5,212,173
predict3_V15_T090,predict3,15,90,5,212,173
predict3_V15_T091,predict3,15,91,5,212,173
predict3_V15_T092,predict3,15,92,5,212,173
predict3_V15_T093,predict3,15,93,5,212,173
predict3_V15_T094,predict3,15,94,5,212,173
predict3_V15_T095,predict3,15,95,5,212,173
predict3_V15_T096,predict3,15,96,5,212,173
predict3_V15_T097,predict3,15,97,5,212,173
predict3_V15_T098,predict3,15,98,5,212,173
predict3_V15_T099,predict3,15,99,5,212,173
predict3_V15_T100,predict3,15,100,5,212,173
predict3_V15_T101,predict3,15,101,5,212,173
predict3_V15_T102,predict3,15,102,6,212,173
predict3_V15_T103,predict3,15,103,6,212,173
predict3_V15_T104,predict3,15,104,6,212,173
predict3_V15_T105,predict3,15,105,6,212,173
predict3_V15_T106,predict3,15,106,6,212,173
predict3_V15_T107,predict3,15,107,6,212,173
predict3_V15_T108,predict3,15,108,6,212,173
predict3_V15_T109,predict3,15,109,6,212,173
predict3_V15_T110,predict3,15,110,6,205,173
predict3_V15_T111,predict3,15,111,6,205,173
predict3_V15_T112,predict3,15,112,6,205,163
predict3_V15_T113,predict3,15,113,6,205,163
predict3_V15_T114,predict3,15,114,6,205,163
predict3_V15_T115,predict3,15,115,6,205,163
predict3_V15_T116,predict3,15,116,6,205,163
predict3_V15_T117,predict3,15,117,6,202,163
predict3_V15_T118,predict3,15,118,6,202,163
predict3_V15_T119,predict3,15,119,7,202,168
predict3_V15_T120,predict3,15,120,7,202,177
predict3_V15_T121,predict3,15,121,7,202,177
predict3_V15_T122,predict3,15,122,7,202,187
predict3_V15_T123,predict3,15,123,7,202,187
predict3_V15_T124,predict3,15,124,7,202,187
predict3_V15_T125,predict3,15,125,7,202,187
predict3_V15_T126,predict3,15,126,7,202,187
predict3_V15_T127,predict3,15,127,7,202,187
predict3_V15_T128,predict3,15,128,7,202,187
predict3_V15_T129,predict3,15,129,7,202,187
predict3_V15_T130,predict3,15,130,7,202,187
predict3_V15_T131,predict3,15,131,7,202,187
predict3_V15_T132,predict3,15,132,7,202,187
predict3_V15_T133,predict3,15,133,7,188,187
predict3_V15_T134,predict3,15,134,7,188,187
predict3_V15_T135,predict3,15,135,7,188,187
predict3_V15_T136,predict3,15,136,8,188,187
predict3_V15_T137,predict3,15,137,8,188,187
predict3_V15_T138,predict3,15,138,8,188,187
predict3_V15_T139,predict3,15,139,8,188,187
predict3_V15_T140,predict3,15,140,8,188,187
predict3_V15_T141,predict3,15,141,8,188,187
predict3_V15_T142,predict3,15,142,8,188,187
predict3_V15_T143,predict3,15,143,8,188,187
predict3_V15_T144,predict3,15,144,8,188,187
predict3_V15_T145,predict3,15,145,8,188,187
predict3_V15_T146,predict3,15,146,8,188,187
predict3_V15_T147,predict3,15,147,8,188,187
predict3_V15_T148,predict3,15,148,8,188,187
predict3_V15_T149,predict3,15,149,8,188,187
predict3_V15_T150,predict3,15,150,8,188,187
predict3_V15_T151,predict3,15,151,8,188,187
predict3_V15_T152,predict3,15,152,8,188,187
predict3_V15_T153,predict3,15,153,9,188,187
predict3_V15_T154,predict3,15,154,9,182,187
predict3_V15_T155,predict3,15,155,9,180,187
predict3_V15_T156,predict3,15,156,9,180,187
predict3_V15_T157,predict3,15,157,9,180,202
predict3_V15_T158,predict3,15,158,9,180,202
predict3_V15_T159,predict3,15,159,9,180,202
predict3_V15_T160,predict3,15,160,9,180,202
predict3_V15_T161,predict3,15,161,9,180,202
predict3_V15_T162,predict3,15,162,9,180,202
predict3_V15_T163,predict3,15,163,9,180,202
predict3_V15_T164,predict3,15,164,9,180,202
predict3_V15_T165,predict3,15,165,9,180,202
predict3_V15_T166,predict3,15,166,9,180,202
predict3_V15_T167,predict3,15,167,9,180,202
predict3_V15_T168,predict3,15,168,9,180,202
predict3_V15_T169,predict3,15,169,9,180,202
predict4_V01_T000,predict4,1,0,0,128,128
predict4_V01_T001,predict4,1,1,0,128,128
predict4_V01_T002,predict4,1,2,0,128,128
predict4_V01_T003,predict4,1,3,0,128,128
predict4_V01_T004,predict4,1,4,0,128,128
predict4_V01_T005,predict4,1,5,0,128,128
predict4_V01_T006,predict4,1,6,0,128,128
predict4_V01_T007,predict4,1,7,0,128,128
predict4_V01_T008,predict4,1,8,0,128,128
predict4_V01_T009,predict4,1,9,0,128,128
predict4_V01_T010,predict4,1,10,0,128,128
predict4_V01_T011,predict4,1,11,0,128,128
predict4_V01_T012,predict4,1,12,0,128,128
predict4_V01_T013,predict4,1,13,0,128,128
predict4_V01_T014,predict4,1,14,1,128,128
predict4_V01_T015,predict4,1,15,1,98,128
predict4_V01_T016,predict4,1,16,1,98,128
predict4_V01_T017,predict4,1,17,1,98,128
predict4_V01_T018,predict4,1,18,1,98,128
predict4_V01_T019,predict4,1,19,1,98,128
predict4_V01_T020,predict4,1,20,1,98,128
predict4_V01_T021,predict4,1,21,1,98,128
predict4_V01_T022,predict4,1,22,1,98,128
predict4_V01_T023,predict4,1,23,1,98,128
predict4_V01_T024,predict4,1,24,1,133,128
predict4_V01_T025,predict4,1,25,1,133,128
predict4_V01_T026,predict4,1,26,1,110,128
predict4_V01_T027,predict4,1,27,2,110,128
predict4_V01_T028,predict4,1,28,2,110,128
predict4_V01_T029,predict4,1,29,2,110,128
predict4_V01_T030,predict4,1,30,2,110,128
predict4_V01_T031,predict4,1,31,2,110,128
predict4_V01_T032,predict4,1,32,2,110,128
predict4_V01_T033,predict4,1,33,2,110,128
predict4_V01_T034,predict4,1,34,2,110,128
predict4_V01_T035,predict4,1,35,2,110,128
predict4_V01_T036,predict4,1,36,2,110,128
predict4_V01_T037,predict4,1,37,2,110,128
predict4_V01_T038,predict4,1,38,2,110,128
predict4_V01_T039,predict4,1,39,2,110,128
predict4_V01_T040,predict4,1,40,2,110,128
predict4_V01_T041,predict4,1,41,3,110,128
predict4_V01_T042,predict4,1,42,3,110,128
predict4_V01_T043,predict4,1,43,3,110,128
predict4_V01_T044,predict4,1,44,3,110,128
predict4_V01_T045,predict4,1,45,3,186,128
predict4_V01_T046,predict4,1,46,3,186,128
predict4_V01_T047,predict4,1,47,3,165,128
predict4_V01_T048,predict4,1,48,3,132,128
predict4_V01_T049,predict4,1,49,3,132,128
predict4_V01_T050,predict4,1,50,3,132,128
predict4_V01_T051,predict4,1,51,3,132,128
predict4_V01_T052,predict4,1,52,3,132,128
predict4_V01_T053,predict4,1,53,3,132,128
predict4_V01_T054,predict4,1,54,4,132,128
predict4_V01_T055,predict4,1,55,4,132,128
predict4_V01_T056,predict4,1,56,4,132,128
predict4_V01_T057,predict4,1,57,4,132,128
predict4_V01_T058,predict4,1,58,4,132,128
predict4_V01_T059,predict4,1,59,4,132,128
predict4_V01_T060,predict4,1,60,4,132,128
predict4_V01_T061,predict4,1,61,4,132,128
predict4_V01_T062,predict4,1,62,4,132,128
predict4_V01_T063,predict4,1,63,4,132,128
predict4_V01_T064,predict4,1,64,4,127,128
predict4_V01_T065,predict4,1,65,4,89,128
predict4_V01_T066,predict4,1,66,4,89,128
predict4_V01_T067,predict4,1,67,5,85,156
predict4_V01_T068,predict4,1,68,5,64,156
predict4_V01_T069,predict4,1,69,5,64,156
predict4_V01_T070,predict4,1,70,5,64,156
predict4_V01_T071,predict4,1,71,5,64,156
predict4_V01_T072,predict4,1,72,5,64,156
predict4_V01_T073,predict4,1,73,5,64,156
predict4_V01_T074,predict4,1,74,5,64,156
predict4_V01_T075,predict4,1,75,5,64,156
predict4_V01_T076,predict4,1,76,5,64,156
predict4_V01_T077,predict4,1,77,5,63,156
predict4_V01_T078,predict4,1,78,5,38,156
predict4_V01_T079,predict4,1,79,5,38,156
predict4_V01_T080,predict4,1,80,5,38,161
predict4_V01_T081,predict4,1,81,6,38,181
predict4_V01_T082,predict4,1,82,6,38,181
predict4_V01_T083,predict4,1,83,6,38,181
predict4_V01_T084,predict4,1,84,6,38,181
predict4_V01_T085,predict4,1,85,6,38,181
predict4_V01_T086,predict4,1,86,6,66,181
predict4_V01_T087,predict4,1,87,6,73,181
predict4_V01_T088,predict4,1,88,6,73,181
predict4_V01_T089,predict4,1,89,6,89,150
predict4_V01_T090,predict4,1,90,6,128,150
predict4_V01_T091,predict4,1,91,6,92,150
predict4_V01_T092,predict4,1,92,6,92,166
predict4_V01_T093,predict4,1,93,6,92,193
predict4_V01_T094,predict4,1,94,7,92,193
predict4_V01_T095,predict4,1,95,7,92,193
predict4_V01_T096,predict4,1,96,7,92,193
predict4_V01_T097,predict4,1,97,7,92,193
predict4_V01_T098,predict4,1,98,7,92,193
predict4_V01_T099,predict4,1,99,7,92,159
predict4_V01_T100,predict4,1,100,7,105,131
predict4_V01_T101,predict4,1,101,7,129,131
predict4_V01_T102,predict4,1,102,7,129,131
predict4_V01_T103,predict4,1,103,7,129,131
predict4_V01_T104,predict4,1,104,7,99,131
predict4_V01_T105,predict4,1,105,7,99,131
predict4_V01_T106,predict4,1,106,7,99,159
predict4_V01_T107,predict4,1,107,7,72,179
predict4_V01_T108,predict4,1,108,8,72,187
predict4_V01_T109,predict4,1,109,8,72,187
predict4_V01_T110,predict4,1,110,8,72,187
predict4_V01_T111,predict4,1,111,8,72,187
predict4_V01_T112,predict4,1,112,8,72,187
predict4_V01_T113,predict4,1,113,8,72,187
predict4_V01_T114,predict4,1,114,8,100,187
predict4_V01_T115,predict4,1,115,8,100,187
predict4_V01_T116,predict4,1,116,8,100,144
predict4_V01_T117,predict4,1,117,8,119,135
predict4_V01_T118,predict4,1,118,8,122,135
predict4_V01_T119,predict4,1,119,8,122,135
predict4_V01_T120,predict4,1,120,8,97,158
predict4_V01_T121,predict4,1,121,9,97,158
predict4_V01_T122,predict4,1,122,9,97,158
predict4_V01_T123,predict4,1,123,9,97,158
predict4_V01_T124,predict4,1,124,9,117,133
predict4_V01_T125,predict4,1,125,9,118,133
predict4_V01_T126,predict4,1,126,9,118,133
predict4_V01_T127,predict4,1,127,9,118,133
predict4_V01_T128,predict4,1,128,9,118,133
predict4_V01_T129,predict4,1,129,9,118,133
predict4_V01_T130,predict4,1,130,9,118,133
predict4_V01_T131,predict4,1,131,9,118,133
predict4_V01_T132,predict4,1,132,9,118,133
predict4_V01_T133,predict4,1,133,9,118,133
predict4_V02_T000,predict4,2,0,0,128,128
predict4_V02_T001,predict4,2,1,0,128,128
predict4_V02_T002,predict4,2,2,0,128,128
predict4_V02_T003,predict4,2,3,0,128,128
predict4_V02_T004,predict4,2,4,0,128,128
predict4_V02_T005,predict4,2,5,0,128,128
predict4_V02_T006,predict4,2,6,0,128,128
predict4_V02_T007,predict4,2,7,0,128,128
predict4_V02_T008,predict4,2,8,0,128,128
predict4_V02_T009,predict4,2,9,0,128,128
predict4_V02_T010,predict4,2,10,0,128,128
predict4_V02_T011,predict4,2,11,0,128,128
predict4_V02_T012,predict4,2,12,0,128,128
predict4_V02_T013,predict4,2,13,0,128,128
predict4_V02_T014,predict4,2,14,1,128,128
predict4_V02_T015,predict4,2,15,1,128,128
predict4_V02_T016,predict4,2,16,1,128,128
predict4_V02_T017,predict4,2,17,1,128,138
predict4_V02_T018,predict4,2,18,1,128,160
predict4_V02_T019,predict4,2,19,1,128,160
predict4_V02_T020,predict4,2,20,1,128,160
predict4_V02_T021,predict4,2,21,1,128,160
predict4_V02_T022,predict4,2,22,1,128,160
predict4_V02_T023,predict4,2,23,1,128,160
predict4_V02_T024,predict4,2,24,1,128,160
predict4_V02_T025,predict4,2,25,1,128,169
predict4_V02_T026,predict4,2,26,1,128,198
predict4_V02_T027,predict4,2,27,1,128,198
predict4_V02_T028,predict4,2,28,2,128,198
predict4_V02_T029,predict4,2,29,2,128,198
predict4_V02_T030,predict4,2,30,2,128,198
predict4_V02_T031,predict4,2,31,2,128,198
predict4_V02_T032,predict4,2,32,2,128,198
predict4_V02_T033,predict4,2,33,2,128,198
predict4_V02_T034,predict4,2,34,2,128,198
predict4_V02_T035,predict4,2,35,2,128,198
predict4_V02_T036,predict4,2,36,2,128,198
predict4_V02_T037,predict4,2,37,2,128,198
predict4_V02_T038,predict4,2,38,2,128,198
predict4_V02_T039,predict4,2,39,2,128,198
predict4_V02_T040,predict4,2,40,2,128,198
predict4_V02_T041,predict4,2,41,2,128,198
predict4_V02_T042,predict4,2,42,3,128,198
predict4_V02_T043,predict4,2,43,3,128,198
predict4_V02_T044,predict4,2,44,3,128,198
predict4_V02_T045,predict4,2,45,3,128,178
predict4_V02_T046,predict4,2,46,3,128,70
predict4_V02_T047,predict4,2,47,3,59,51
predict4_V02_T048,predict4,2,48,3,59,51
predict4_V02_T049,predict4,2,49,3,59,51
predict4_V02_T050,predict4,2,50,3,59,51
predict4_V02_T051,predict4,2,51,3,59,51
predict4_V02_T052,predict4,2,52,3,59,51
predict4_V02_T053,predict4,2,53,3,59,51
predict4_V02_T054,predict4,2,54,3,59,51
predict4_V02_T055,predict4,2,55,4,59,51
predict4_V02_T056,predict4,2,56,4,59,51
predict4_V02_T057,predict4,2,57,4,59,51
predict4_V02_T058,predict4,2,58,4,59,51
predict4_V02_T059,predict4,2,59,4,59,51
predict4_V02_T060,predict4,2,60,4,59,51
predict4_V02_T061,predict4,2,61,4,59,51
predict4_V02_T062,predict4,2,62,4,59,51
predict4_V02_T063,predict4,2,63,4,59,51
predict4_V02_T064,predict4,2,64,4,59,51
predict4_V02_T065,predict4,2,65,4,59,51
predict4_V02_T066,predict4,2,66,4,59,51
predict4_V02_T067,predict4,2,67,4,59,51
predict4_V02_T068,predict4,2,68,4,59,75
predict4_V02_T069,predict4,2,69,5,90,75
predict4_V02_T070,predict4,2,70,5,90,75
predict4_V02_T071,predict4,2,71,5,90,75
predict4_V02_T072,predict4,2,72,5,90,91
predict4_V02_T073,predict4,2,73,5,90,91
predict4_V02_T074,predict4,2,74,5,90,91
predict4_V02_T075,predict4,2,75,5,90,93
predict4_V02_T076,predict4,2,76,5,95,106
predict4_V02_T077,predict4,2,77,5,110,117
predict4_V02_T078,predict4,2,78,5,110,121
predict4_V02_T079,predict4,2,79,5,127,121
predict4_V02_T080,predict4,2,80,5,127,121
predict4_V02_T081,predict4,2,81,5,127,121
predict4_V02_T082,predict4,2,82,5,127,121
predict4_V02_T083,predict4,2,83,6,127,134
predict4_V02_T084,predict4,2,84,6,127,117
predict4_V02_T085,predict4,2,85,6,127,117
predict4_V02_T086,predict4,2,86,6,127,117
predict4_V02_T087,predict4,2,87,6,127,117
predict4_V02_T088,predict4,2,88,6,127,117
predict4_V02_T089,predict4,2,89,6,127,136
predict4_V02_T090,predict4,2,90,6,135,175
predict4_V02_T091,predict4,2,91,6,165,175
predict4_V02_T092,predict4,2,92,6,165,175
predict4_V02_T093,predict4,2,93,6,165,175
predict4_V02_T094,predict4,2,94,6,165,175
predict4_V02_T095,predict4,2,95,6,165,175
predict4_V02_T096,predict4,2,96,7,142,175
predict4_V02_T097,predict4,2,97,7,156,175
predict4_V02_T098,predict4,2,98,7,156,175
predict4_V02_T099,predict4,2,99,7,163,175
predict4_V02_T100,predict4,2,100,7,181,175
predict4_V02_T101,predict4,2,101,7,163,143
predict4_V02_T102,predict4,2,102,7,130,143
predict4_V02_T103,predict4,2,103,7,130,127
predict4_V02_T104,predict4,2,104,7,130,127
predict4_V02_T105,predict4,2,105,7,130,127
predict4_V02_T106,predict4,2,106,7,130,127
predict4_V02_T107,predict4,2,107,7,130,127
predict4_V02_T108,predict4,2,108,7,130,127
predict4_V02_T109,predict4,2,109,7,130,127
predict4_V02_T110,predict4,2,110,8,130,127
predict4_V02_T111,predict4,2,111,8,130,127
predict4_V02_T112,predict4,2,112,8,130,127
predict4_V02_T113,predict4,2,113,8,130,127
predict4_V02_T114,predict4,2,114,8,130,127
predict4_V02_T115,predict4,2,115,8,130,127
predict4_V02_T116,predict4,2,116,8,130,127
predict4_V02_T117,predict4,2,117,8,130,127
predict4_V02_T118,predict4,2,118,8,130,127
predict4_V02_T119,predict4,2,119,8,130,127
predict4_V02_T120,predict4,2,120,8,130,127
predict4_V02_T121,predict4,2,121,8,130,127
predict4_V02_T122,predict4,2,122,8,130,127
predict4_V02_T123,predict4,2,123,8,130,127
predict4_V02_T124,predict4,2,124,9,130,127
predict4_V02_T125,predict4,2,125,9,130,127
predict4_V02_T126,predict4,2,126,9,130,127
predict4_V02_T127,predict4,2,127,9,130,127
predict4_V02_T128,predict4,2,128,9,130,127
predict4_V02_T129,predict4,2,129,9,130,127
predict4_V02_T130,predict4,2,130,9,130,127
predict4_V02_T131,predict4,2,131,9,130,127
predict4_V02_T132,predict4,2,132,9,130,127
predict4_V02_T133,predict4,2,133,9,130,127
predict4_V02_T134,predict4,2,134,9,134,127
predict4_V02_T135,predict4,2,135,9,134,127
predict4_V02_T136,predict4,2,136,9,134,127
predict4_V03_T000,predict4,3,0,0,128,128
predict4_V03_T001,predict4,3,1,0,128,128
predict4_V03_T002,predict4,3,2,0,128,128
predict4_V03_T003,predict4,3,3,0,128,128
predict4_V03_T004,predict4,3,4,0,128,128
predict4_V03_T005,predict4,3,5,0,128,128
predict4_V03_T006,predict4,3,6,0,128,128
predict4_V03_T007,predict4,3,7,0,128,128
predict4_V03_T008,predict4,3,8,0,128,128
predict4_V03_T009,predict4,3,9,1,128,128
predict4_V03_T010,predict4,3,10,1,128,128
predict4_V03_T011,predict4,3,11,1,128,128
predict4_V03_T012,predict4,3,12,1,128,128
predict4_V03_T013,predict4,3,13,1,128,128
predict4_V03_T014,predict4,3,14,1,128,128
predict4_V03_T015,predict4,3,15,1,128,128
predict4_V03_T016,predict4,3,16,1,128,128
predict4_V03_T017,predict4,3,17,1,128,128
predict4_V03_T018,predict4,3,18,2,128,128
predict4_V03_T019,predict4,3,19,2,128,128
predict4_V03_T020,predict4,3,20,2,128,128
predict4_V03_T021,predict4,3,21,2,128,128
predict4_V03_T022,predict4,3,22,2,128,128
predict4_V03_T023,predict4,3,23,2,128,128
predict4_V03_T024,predict4,3,24,2,124,144
predict4_V03_T025,predict4,3,25,2,95,172
predict4_V03_T026,predict4,3,26,2,95,172
predict4_V03_T027,predict4,3,27,3,95,172
predict4_V03_T028,predict4,3,28,3,95,172
predict4_V03_T029,predict4,3,29,3,95,172
predict4_V03_T030,predict4,3,30,3,95,172
predict4_V03_T031,predict4,3,31,3,95,172
predict4_V03_T032,predict4,3,32,3,95,172
predict4_V03_T033,predict4,3,33,3,95,172
predict4_V03_T034,predict4,3,34,3,95,172
predict4_V03_T035,predict4,3,35,3,95,172
predict4_V03_T036,predict4,3,36,4,114,172
predict4_V03_T037,predict4,3,37,4,168,172
predict4_V03_T038,predict4,3,38,4,168,172
predict4_V03_T039,predict4,3,39,4,168,172
predict4_V03_T040,predict4,3,40,4,168,172
predict4_V03_T041,predict4,3,41,4,168,172
predict4_V03_T042,predict4,3,42,4,150,172
predict4_V03_T043,predict4,3,43,4,58,172
predict4_V03_T044,predict4,3,44,4,58,172
predict4_V03_T045,predict4,3,45,5,58,172
predict4_V03_T046,predict4,3,46,5,58,172
predict4_V03_T047,predict4,3,47,5,58,172
predict4_V03_T048,predict4,3,48,5,58,172
predict4_V03_T049,predict4,3,49,5,58,172
predict4_V03_T050,predict4,3,50,5,58,172
predict4_V03_T051,predict4,3,51,5,58,172
predict4_V03_T052,predict4,3,52,5,58,172
predict4_V03_T053,predict4,3,53,5,58,172
predict4_V03_T054,predict4,3,54,6,58,172
predict4_V03_T055,predict4,3,55,6,58,172
predict4_V03_T056,predict4,3,56,6,58,172
predict4_V03_T057,predict4,3,57,6,58,172
predict4_V03_T058,predict4,3,58,6,58,172
predict4_V03_T059,predict4,3,59,6,58,172
predict4_V03_T060,predict4,3,60,6,58,172
predict4_V03_T061,predict4,3,61,6,58,172
predict4_V03_T062,predict4,3,62,6,58,172
predict4_V03_T063,predict4,3,63,7,58,172
predict4_V03_T064,predict4,3,64,7,58,172
predict4_V03_T065,predict4,3,65,7,58,172
predict4_V03_T066,predict4,3,66,7,58,172
predict4_V03_T067,predict4,3,67,7,58,172
predict4_V03_T068,predict4,3,68,7,58,172
predict4_V03_T069,predict4,3,69,7,58,172
predict4_V03_T070,predict4,3,70,7,82,172
predict4_V03_T071,predict4,3,71,7,82,172
predict4_V03_T072,predict4,3,72,8,82,172
predict4_V03_T073,predict4,3,73,8,82,172
predict4_V03_T074,predict4,3,74,8,82,172
predict4_V03_T075,predict4,3,75,8,82,172
predict4_V03_T076,predict4,3,76,8,82,172
predict4_V03_T077,predict4,3,77,8,82,172
predict4_V03_T078,predict4,3,78,8,82,172
predict4_V03_T079,predict4,3,79,8,124,172
predict4_V03_T080,predict4,3,80,8,124,145
predict4_V03_T081,predict4,3,81,9,124,145
predict4_V03_T082,predict4,3,82,9,124,145
predict4_V03_T083,predict4,3,83,9,68,166
predict4_V03_T084,predict4,3,84,9,61,186
predict4_V03_T085,predict4,3,85,9,61,186
predict4_V03_T086,predict4,3,86,9,61,186
predict4_V03_T087,predict4,3,87,9,61,186
predict4_V03_T088,predict4,3,88,9,34,186
predict4_V03_T089,predict4,3,89,9,9,218
predict4_V04_T000,predict4,4,0,0,128,128
predict4_V04_T001,predict4,4,1,0,128,128
predict4_V04_T002,predict4,4,2,0,128,128
predict4_V04_T003,predict4,4,3,0,128,128
predict4_V04_T004,predict4,4,4,0,128,128
predict4_V04_T005,predict4,4,5,0,128,128
predict4_V04_T006,predict4,4,6,0,147,128
predict4_V04_T007,predict4,4,7,0,175,161
predict4_V04_T008,predict4,4,8,1,175,161
predict4_V04_T009,predict4,4,9,1,175,161
predict4_V04_T010,predict4,4,10,1,175,161
predict4_V04_T011,predict4,4,11,1,175,202
predict4_V04_T012,predict4,4,12,1,175,202
predict4_V04_T013,predict4,4,13,1,175,202
predict4_V04_T014,predict4,4,14,1,175,202
predict4_V04_T015,predict4,4,15,1,175,202
predict4_V04_T016,predict4,4,16,2,175,202
predict4_V04_T017,predict4,4,17,2,175,202
predict4_V04_T018,predict4,4,18,2,175,202
predict4_V04_T019,predict4,4,19,2,175,202
predict4_V04_T020,predict4,4,20,2,175,202
predict4_V04_T021,predict4,4,21,2,175,202
predict4_V04_T022,predict4,4,22,2,175,202
predict4_V04_T023,predict4,4,23,2,175,202
predict4_V04_T024,predict4,4,24,3,175,202
predict4_V04_T025,predict4,4,25,3,175,202
predict4_V04_T026,predict4,4,26,3,175,202
predict4_V04_T027,predict4,4,27,3,175,202
predict4_V04_T028,predict4,4,28,3,175,202
predict4_V04_T029,predict4,4,29,3,175,202
predict4_V04_T030,predict4,4,30,3,175,202
predict4_V04_T031,predict4,4,31,3,175,202
predict4_V04_T032,predict4,4,32,4,175,202
predict4_V04_T033,predict4,4,33,4,175,202
predict4_V04_T034,predict4,4,34,4,175,202
predict4_V04_T035,predict4,4,35,4,175,202
predict4_V04_T036,predict4,4,36,4,175,202
predict4_V04_T037,predict4,4,37,4,175,202
predict4_V04_T038,predict4,4,38,4,175,202
predict4_V04_T039,predict4,4,39,4,175,202
predict4_V04_T040,predict4,4,40,5,175,202
predict4_V04_T041,predict4,4,41,5,175,202
predict4_V04_T042,predict4,4,42,5,175,202
predict4_V04_T043,predict4,4,43,5,175,202
predict4_V04_T044,predict4,4,44,5,175,202
predict4_V04_T045,predict4,4,45,5,175,202
predict4_V04_T046,predict4,4,46,5,175,202
predict4_V04_T047,predict4,4,47,5,175,202
predict4_V04_T048,predict4,4,48,6,175,202
predict4_V04_T049,predict4,4,49,6,175,202
predict4_V04_T050,predict4,4,50,6,175,202
predict4_V04_T051,predict4,4,51,6,175,202
predict4_V04_T052,predict4,4,52,6,175,202
predict4_V04_T053,predict4,4,53,6,175,202
predict4_V04_T054,predict4,4,54,6,175,202
predict4_V04_T055,predict4,4,55,6,175,202
predict4_V04_T056,predict4,4,56,7,175,202
predict4_V04_T057,predict4,4,57,7,175,202
predict4_V04_T058,predict4,4,58,7,175,202
predict4_V04_T059,predict4,4,59,7,175,202
predict4_V04_T060,predict4,4,60,7,175,202
predict4_V04_T061,predict4,4,61,7,175,202
predict4_V04_T062,predict4,4,62,7,175,202
predict4_V04_T063,predict4,4,63,7,175,202
predict4_V04_T064,predict4,4,64,8,175,202
predict4_V04_T065,predict4,4,65,8,175,202
predict4_V04_T066,predict4,4,66,8,175,202
predict4_V04_T067,predict4,4,67,8,175,202
predict4_V04_T068,predict4,4,68,8,175,202
predict4_V04_T069,predict4,4,69,8,175,181
predict4_V04_T070,predict4,4,70,8,175,167
predict4_V04_T071,predict4,4,71,8,175,167
predict4_V04_T072,predict4,4,72,9,175,167
predict4_V04_T073,predict4,4,73,9,175,167
predict4_V04_T074,predict4,4,74,9,175,233
predict4_V04_T075,predict4,4,75,9,196,219
predict4_V04_T076,predict4,4,76,9,196,188
predict4_V04_T077,predict4,4,77,9,210,199
predict4_V04_T078,predict4,4,78,9,210,199
predict4_V05_T000,predict4,5,0,0,128,128
predict4_V05_T001,predict4,5,1,0,128,128
predict4_V05_T002,predict4,5,2,0,128,128
predict4_V05_T003,predict4,5,3,0,128,128
predict4_V05_T004,predict4,5,4,0,128,128
predict4_V05_T005,predict4,5,5,0,128,128
predict4_V05_T006,predict4,5,6,0,128,128
predict4_V05_T007,predict4,5,7,0,128,128
predict4_V05_T008,predict4,5,8,0,128,128
predict4_V05_T009,predict4,5,9,0,128,128
predict4_V05_T010,predict4,5,10,0,128,128
predict4_V05_T011,predict4,5,11,0,128,128
predict4_V05_T012,predict4,5,12,0,138,128
predict4_V05_T013,predict4,5,13,0,158,128
predict4_V05_T014,predict4,5,14,1,158,128
predict4_V05_T015,predict4,5,15,1,158,128
predict4_V05_T016,predict4,5,16,1,158,128
predict4_V05_T017,predict4,5,17,1,158,124
predict4_V05_T018,predict4,5,18,1,158,94
predict4_V05_T019,predict4,5,19,1,158,94
predict4_V05_T020,predict4,5,20,1,158,94
predict4_V05_T021,predict4,5,21,1,158,94
predict4_V05_T022,predict4,5,22,1,158,94
predict4_V05_T023,predict4,5,23,1,158,94
predict4_V05_T024,predict4,5,24,1,158,94
predict4_V05_T025,predict4,5,25,1,158,94
predict4_V05_T026,predict4,5,26,1,158,94
predict4_V05_T027,predict4,5,27,2,158,94
predict4_V05_T028,predict4,5,28,2,158,94
predict4_V05_T029,predict4,5,29,2,158,94
predict4_V05_T030,predict4,5,30,2,158,94
predict4_V05_T031,predict4,5,31,2,158,94
predict4_V05_T032,predict4,5,32,2,158,94
predict4_V05_T033,predict4,5,33,2,158,94
predict4_V05_T034,predict4,5,34,2,158,94
predict4_V05_T035,predict4,5,35,2,158,94
predict4_V05_T036,predict4,5,36,2,158,94
predict4_V05_T037,predict4,5,37,2,158,94
predict4_V05_T038,predict4,5,38,2,158,94
predict4_V05_T039,predict4,5,39,2,158,94
predict4_V05_T040,predict4,5,40,2,158,94
predict4_V05_T041,predict4,5,41,3,158,94
predict4_V05_T042,predict4,5,42,3,158,94
predict4_V05_T043,predict4,5,43,3,158,94
predict4_V05_T044,predict4,5,44,3,158,74
predict4_V05_T045,predict4,5,45,3,119,63
predict4_V05_T046,predict4,5,46,3,119,39
predict4_V05_T047,predict4,5,47,3,142,84
predict4_V05_T048,predict4,5,48,3,173,96
predict4_V05_T049,predict4,5,49,3,173,96
predict4_V05_T050,predict4,5,50,3,173,96
predict4_V05_T051,predict4,5,51,3,173,96
predict4_V05_T052,predict4,5,52,3,173,96
predict4_V05_T053,predict4,5,53,3,173,96
predict4_V05_T054,predict4,5,54,4,173,96
predict4_V05_T055,predict4,5,55,4,173,96
predict4_V05_T056,predict4,5,56,4,173,96
predict4_V05_T057,predict4,5,57,4,173,96
predict4_V05_T058,predict4,5,58,4,173,96
predict4_V05_T059,predict4,5,59,4,173,96
predict4_V05_T060,predict4,5,60,4,173,96
predict4_V05_T061,predict4,5,61,4,173,96
predict4_V05_T062,predict4,5,62,4,173,96
predict4_V05_T063,predict4,5,63,4,173,96
predict4_V05_T064,predict4,5,64,4,173,96
predict4_V05_T065,predict4,5,65,4,173,96
predict4_V05_T066,predict4,5,66,4,173,96
predict4_V05_T067,predict4,5,67,4,173,96
predict4_V05_T068,predict4,5,68,5,173,96
predict4_V05_T069,predict4,5,69,5,173,96
predict4_V05_T070,predict4,5,70,5,160,96
predict4_V05_T071,predict4,5,71,5,142,96
predict4_V05_T072,predict4,5,72,5,168,58
predict4_V05_T073,predict4,5,73,5,168,29
predict4_V05_T074,predict4,5,74,5,168,29
predict4_V05_T075,predict4,5,75,5,168,57
predict4_V05_T076,predict4,5,76,5,168,99
predict4_V05_T077,predict4,5,77,5,168,108
predict4_V05_T078,predict4,5,78,5,168,139
predict4_V05_T079,predict4,5,79,5,168,139
predict4_V05_T080,predict4,5,80,5,168,139
predict4_V05_T081,predict4,5,81,6,168,139
predict4_V05_T082,predict4,5,82,6,168,128
predict4_V05_T083,predict4,5,83,6,168,128
predict4_V05_T084,predict4,5,84,6,168,128
predict4_V05_T085,predict4,5,85,6,168,128
predict4_V05_T086,predict4,5,86,6,168,128
predict4_V05_T087,predict4,5,87,6,168,128
predict4_V05_T088,predict4,5,88,6,168,135
predict4_V05_T089,predict4,5,89,6,168,59
predict4_V05_T090,predict4,5,90,6,168,59
predict4_V05_T091,predict4,5,91,6,168,59
predict4_V05_T092,predict4,5,92,6,150,59
predict4_V05_T093,predict4,5,93,6,132,59
predict4_V05_T094,predict4,5,94,6,190,59
predict4_V05_T095,predict4,5,95,7,190,59
predict4_V05_T096,predict4,5,96,7,190,59
predict4_V05_T097,predict4,5,97,7,190,59
predict4_V05_T098,predict4,5,98,7,190,59
predict4_V05_T099,predict4,5,99,7,190,59
predict4_V05_T100,predict4,5,100,7,190,59
predict4_V05_T101,predict4,5,101,7,178,59
predict4_V05_T102,predict4,5,102,7,157,59
predict4_V05_T103,predict4,5,103,7,116,59
predict4_V05_T104,predict4,5,104,7,163,59
predict4_V05_T105,predict4,5,105,7,163,59
predict4_V05_T106,predict4,5,106,7,163,59
predict4_V05_T107,predict4,5,107,7,163,59
predict4_V05_T108,predict4,5,108,8,163,59
predict4_V05_T109,predict4,5,109,8,163,59
predict4_V05_T110,predict4,5,110,8,163,59
predict4_V05_T111,predict4,5,111,8,163,59
predict4_V05_T112,predict4,5,112,8,163,59
predict4_V05_T113,predict4,5,113,8,163,59
predict4_V05_T114,predict4,5,114,8,163,59
predict4_V05_T115,predict4,5,115,8,163,59
predict4_V05_T116,predict4,5,116,8,163,59
predict4_V05_T117,predict4,5,117,8,163,59
predict4_V05_T118,predict4,5,118,8,163,59
predict4_V05_T119,predict4,5,119,8,163,59
predict4_V05_T120,predict4,5,120,8,163,59
predict4_V05_T121,predict4,5,121,8,163,59
predict4_V05_T122,predict4,5,122,9,136,137
predict4_V05_T123,predict4,5,123,9,128,137
predict4_V05_T124,predict4,5,124,9,128,137
predict4_V05_T125,predict4,5,125,9,128,137
predict4_V05_T126,predict4,5,126,9,128,115
predict4_V05_T127,predict4,5,127,9,128,115
predict4_V05_T128,predict4,5,128,9,128,115
predict4_V05_T129,predict4,5,129,9,128,117
predict4_V05_T130,predict4,5,130,9,128,135
predict4_V05_T131,predict4,5,131,9,128,135
predict4_V05_T132,predict4,5,132,9,128,135
predict4_V05_T133,predict4,5,133,9,128,135
predict4_V05_T134,predict4,5,134,9,128,135
predict4_V06_T000,predict4,6,0,0,128,128
predict4_V06_T001,predict4,6,1,0,128,128
predict4_V06_T002,predict4,6,2,0,128,128
predict4_V06_T003,predict4,6,3,0,128,128
predict4_V06_T004,predict4,6,4,0,128,128
predict4_V06_T005,predict4,6,5,0,128,128
predict4_V06_T006,predict4,6,6,0,128,128
predict4_V06_T007,predict4,6,7,0,128,128
predict4_V06_T008,predict4,6,8,0,128,128
predict4_V06_T009,predict4,6,9,0,128,128
predict4_V06_T010,predict4,6,10,1,128,128
predict4_V06_T011,predict4,6,11,1,128,128
predict4_V06_T012,predict4,6,12,1,128,128
predict4_V06_T013,predict4,6,13,1,128,128
predict4_V06_T014,predict4,6,14,1,128,128
predict4_V06_T015,predict4,6,15,1,128,128
predict4_V06_T016,predict4,6,16,1,128,128
predict4_V06_T017,predict4,6,17,1,128,128
predict4_V06_T018,predict4,6,18,1,128,128
predict4_V06_T019,predict4,6,19,2,128,128
predict4_V06_T020,predict4,6,20,2,128,128
predict4_V06_T021,predict4,6,21,2,128,128
predict4_V06_T022,predict4,6,22,2,128,128
predict4_V06_T023,predict4,6,23,2,128,128
predict4_V06_T024,predict4,6,24,2,128,128
predict4_V06_T025,predict4,6,25,2,128,128
predict4_V06_T026,predict4,6,26,2,128,128
predict4_V06_T027,predict4,6,27,2,115,128
predict4_V06_T028,predict4,6,28,3,80,129
predict4_V06_T029,predict4,6,29,3,80,151
predict4_V06_T030,predict4,6,30,3,80,151
predict4_V06_T031,predict4,6,31,3,80,151
predict4_V06_T032,predict4,6,32,3,51,181
predict4_V06_T033,predict4,6,33,3,59,181
predict4_V06_T034,predict4,6,34,3,69,181
predict4_V06_T035,predict4,6,35,3,69,181
predict4_V06_T036,predict4,6,36,3,97,163
predict4_V06_T037,predict4,6,37,3,97,163
predict4_V06_T038,predict4,6,38,4,97,163
predict4_V06_T039,predict4,6,39,4,97,163
predict4_V06_T040,predict4,6,40,4,97,163
predict4_V06_T041,predict4,6,41,4,105,133
predict4_V06_T042,predict4,6,42,4,111,133
predict4_V06_T043,predict4,6,43,4,55,171
predict4_V06_T044,predict4,6,44,4,55,171
predict4_V06_T045,predict4,6,45,4,55,203
predict4_V06_T046,predict4,6,46,4,55,203
predict4_V06_T047,predict4,6,47,5,55,203
predict4_V06_T048,predict4,6,48,5,55,203
predict4_V06_T049,predict4,6,49,5,55,203
predict4_V06_T050,predict4,6,50,5,55,203
predict4_V06_T051,predict4,6,51,5,55,203
predict4_V06_T052,predict4,6,52,5,55,203
predict4_V06_T053,predict4,6,53,5,55,203
predict4_V06_T054,predict4,6,54,5,55,203
predict4_V06_T055,predict4,6,55,5,55,203
predict4_V06_T056,predict4,6,56,6,55,203
predict4_V06_T057,predict4,6,57,6,55,203
predict4_V06_T058,predict4,6,58,6,55,203
predict4_V06_T059,predict4,6,59,6,55,203
predict4_V06_T060,predict4,6,60,6,55,203
predict4_V06_T061,predict4,6,61,6,55,203
predict4_V06_T062,predict4,6,62,6,55,203
predict4_V06_T063,predict4,6,63,6,55,203
predict4_V06_T064,predict4,6,64,6,55,203
predict4_V06_T065,predict4,6,65,6,69,178
predict4_V06_T066,predict4,6,66,7,69,178
predict4_V06_T067,predict4,6,67,7,69,178
predict4_V06_T068,predict4,6,68,7,69,178
predict4_V06_T069,predict4,6,69,7,69,178
predict4_V06_T070,predict4,6,70,7,69,178
predict4_V06_T071,predict4,6,71,7,69,178
predict4_V06_T072,predict4,6,72,7,69,178
predict4_V06_T073,predict4,6,73,7,69,178
predict4_V06_T074,predict4,6,74,7,69,178
predict4_V06_T075,predict4,6,75,8,69,178
predict4_V06_T076,predict4,6,76,8,69,178
predict4_V06_T077,predict4,6,77,8,69,178
predict4_V06_T078,predict4,6,78,8,69,178
predict4_V06_T079,predict4,6,79,8,69,178
predict4_V06_T080,predict4,6,80,8,69,178
predict4_V06_T081,predict4,6,81,8,69,178
predict4_V06_T082,predict4,6,82,8,69,178
predict4_V06_T083,predict4,6,83,8,69,178
predict4_V06_T084,predict4,6,84,9,69,178
predict4_V06_T085,predict4,6,85,9,69,178
predict4_V06_T086,predict4,6,86,9,69,178
predict4_V06_T087,predict4,6,87,9,69,178
predict4_V06_T088,predict4,6,88,9,69,178
predict4_V06_T089,predict4,6,89,9,69,178
predict4_V06_T090,predict4,6,90,9,69,178
predict4_V06_T091,predict4,6,91,9,69,178
predict4_V06_T092,predict4,6,92,9,69,178
predict4_V07_T000,predict4,7,0,0,128,128
predict4_V07_T001,predict4,7,1,0,128,128
predict4_V07_T002,predict4,7,2,0,128,131
predict4_V07_T003,predict4,7,3,0,68,195
predict4_V07_T004,predict4,7,4,0,68,195
predict4_V07_T005,predict4,7,5,0,68,195
predict4_V07_T006,predict4,7,6,0,68,195
predict4_V07_T007,predict4,7,7,0,68,195
predict4_V07_T008,predict4,7,8,0,68,195
predict4_V07_T009,predict4,7,9,0,74,195
predict4_V07_T010,predict4,7,10,0,129,195
predict4_V07_T011,predict4,7,11,0,183,195
predict4_V07_T012,predict4,7,12,0,238,195
predict4_V07_T013,predict4,7,13,1,255,195
predict4_V07_T014,predict4,7,14,1,255,195
predict4_V07_T015,predict4,7,15,1,255,195
predict4_V07_T016,predict4,7,16,1,255,195
predict4_V07_T017,predict4,7,17,1,255,195
predict4_V07_T018,predict4,7,18,1,255,195
predict4_V07_T019,predict4,7,19,1,255,195
predict4_V07_T020,predict4,7,20,1,255,195
predict4_V07_T021,predict4,7,21,1,255,195
predict4_V07_T022,predict4,7,22,1,255,195
predict4_V07_T023,predict4,7,23,1,193,133
predict4_V07_T024,predict4,7,24,1,168,133
predict4_V07_T025,predict4,7,25,2,142,133
predict4_V07_T026,predict4,7,26,2,184,155
predict4_V07_T027,predict4,7,27,2,184,178
predict4_V07_T028,predict4,7,28,2,184,178
predict4_V07_T029,predict4,7,29,2,184,178
predict4_V07_T030,predict4,7,30,2,184,178
predict4_V07_T031,predict4,7,31,2,184,178
predict4_V07_T032,predict4,7,32,2,184,178
predict4_V07_T033,predict4,7,33,2,184,178
predict4_V07_T034,predict4,7,34,2,184,178
predict4_V07_T035,predict4,7,35,2,184,178
predict4_V07_T036,predict4,7,36,2,184,178
predict4_V07_T037,predict4,7,37,3,184,178
predict4_V07_T038,predict4,7,38,3,178,171
predict4_V07_T039,predict4,7,39,3,122,131
predict4_V07_T040,predict4,7,40,3,122,131
predict4_V07_T041,predict4,7,41,3,122,131
predict4_V07_T042,predict4,7,42,3,122,131
predict4_V07_T043,predict4,7,43,3,122,131
predict4_V07_T044,predict4,7,44,3,122,131
predict4_V07_T045,predict4,7,45,3,122,131
predict4_V07_T046,predict4,7,46,3,122,131
predict4_V07_T047,predict4,7,47,3,122,131
predict4_V07_T048,predict4,7,48,3,122,131
predict4_V07_T049,predict4,7,49,4,122,131
predict4_V07_T050,predict4,7,50,4,122,131
predict4_V07_T051,predict4,7,51,4,122,131
predict4_V07_T052,predict4,7,52,4,122,131
predict4_V07_T053,predict4,7,53,4,122,131
predict4_V07_T054,predict4,7,54,4,122,131
predict4_V07_T055,predict4,7,55,4,122,131
predict4_V07_T056,predict4,7,56,4,122,131
predict4_V07_T057,predict4,7,57,4,122,131
predict4_V07_T058,predict4,7,58,4,122,131
predict4_V07_T059,predict4,7,59,4,131,131
predict4_V07_T060,predict4,7,60,4,157,131
predict4_V07_T061,predict4,7,61,5,157,140
predict4_V07_T062,predict4,7,62,5,185,180
predict4_V07_T063,predict4,7,63,5,164,180
predict4_V07_T064,predict4,7,64,5,149,136
predict4_V07_T065,predict4,7,65,5,129,136
predict4_V07_T066,predict4,7,66,5,129,136
predict4_V07_T067,predict4,7,67,5,129,136
predict4_V07_T068,predict4,7,68,5,129,136
predict4_V07_T069,predict4,7,69,5,129,136
predict4_V07_T070,predict4,7,70,5,129,136
predict4_V07_T071,predict4,7,71,5,129,136
predict4_V07_T072,predict4,7,72,5,129,136
predict4_V07_T073,predict4,7,73,5,129,136
predict4_V07_T074,predict4,7,74,6,129,136
predict4_V07_T075,predict4,7,75,6,129,136
predict4_V07_T076,predict4,7,76,6,129,136
predict4_V07_T077,predict4,7,77,6,179,176
predict4_V07_T078,predict4,7,78,6,179,176
predict4_V07_T079,predict4,7,79,6,179,176
predict4_V07_T080,predict4,7,80,6,179,176
predict4_V07_T081,predict4,7,81,6,142,167
predict4_V07_T082,predict4,7,82,6,142,139
predict4_V07_T083,predict4,7,83,6,142,131
predict4_V07_T084,predict4,7,84,6,142,131
predict4_V07_T085,predict4,7,85,6,142,131
predict4_V07_T086,predict4,7,86,7,123,131
predict4_V07_T087,predict4,7,87,7,123,131
predict4_V07_T088,predict4,7,88,7,123,131
predict4_V07_T089,predict4,7,89,7,123,131
predict4_V07_T090,predict4,7,90,7,123,131
predict4_V07_T091,predict4,7,91,7,123,131
predict4_V07_T092,predict4,7,92,7,123,131
predict4_V07_T093,predict4,7,93,7,123,131
predict4_V07_T094,predict4,7,94,7,123,131
predict4_V07_T095,predict4,7,95,7,123,131
predict4_V07_T096,predict4,7,96,7,123,131
predict4_V07_T097,predict4,7,97,7,156,155
predict4_V07_T098,predict4,7,98,8,187,210
predict4_V07_T099,predict4,7,99,8,187,205
predict4_V07_T100,predict4,7,100,8,160,135
predict4_V07_T101,predict4,7,101,8,114,112
predict4_V07_T102,predict4,7,102,8,171,179
predict4_V07_T103,predict4,7,103,8,170,161
predict4_V07_T104,predict4,7,104,8,134,126
predict4_V07_T105,predict4,7,105,8,134,126
predict4_V07_T106,predict4,7,106,8,134,126
predict4_V07_T107,predict4,7,107,8,134,126
predict4_V07_T108,predict4,7,108,8,134,126
predict4_V07_T109,predict4,7,109,8,134,126
predict4_V07_T110,predict4,7,110,9,134,126
predict4_V07_T111,predict4,7,111,9,134,126
predict4_V07_T112,predict4,7,112,9,134,126
predict4_V07_T113,predict4,7,113,9,134,126
predict4_V07_T114,predict4,7,114,9,134,126
predict4_V07_T115,predict4,7,115,9,134,126
predict4_V07_T116,predict4,7,116,9,134,126
predict4_V07_T117,predict4,7,117,9,134,126
predict4_V07_T118,predict4,7,118,9,134,126
predict4_V07_T119,predict4,7,119,9,134,126
predict4_V07_T120,predict4,7,120,9,134,126
predict4_V07_T121,predict4,7,121,9,134,126
predict4_V08_T000,predict4,8,0,0,128,128
predict4_V08_T001,predict4,8,1,0,128,128
predict4_V08_T002,predict4,8,2,0,128,128
predict4_V08_T003,predict4,8,3,0,128,128
predict4_V08_T004,predict4,8,4,0,128,128
predict4_V08_T005,predict4,8,5,0,128,128
predict4_V08_T006,predict4,8,6,0,128,128
predict4_V08_T007,predict4,8,7,0,204,127
predict4_V08_T008,predict4,8,8,0,210,68
predict4_V08_T009,predict4,8,9,0,210,68
predict4_V08_T010,predict4,8,10,0,210,68
predict4_V08_T011,predict4,8,11,1,210,68
predict4_V08_T012,predict4,8,12,1,210,68
predict4_V08_T013,predict4,8,13,1,210,68
predict4_V08_T014,predict4,8,14,1,210,68
predict4_V08_T015,predict4,8,15,1,210,68
predict4_V08_T016,predict4,8,16,1,210,68
predict4_V08_T017,predict4,8,17,1,210,68
predict4_V08_T018,predict4,8,18,1,210,68
predict4_V08_T019,predict4,8,19,1,210,68
predict4_V08_T020,predict4,8,20,1,210,68
predict4_V08_T021,predict4,8,21,1,210,68
predict4_V08_T022,predict4,8,22,2,210,68
predict4_V08_T023,predict4,8,23,2,210,68
predict4_V08_T024,predict4,8,24,2,210,68
predict4_V08_T025,predict4,8,25,2,210,68
predict4_V08_T026,predict4,8,26,2,210,68
predict4_V08_T027,predict4,8,27,2,210,68
predict4_V08_T028,predict4,8,28,2,210,68
predict4_V08_T029,predict4,8,29,2,210,68
predict4_V08_T030,predict4,8,30,2,210,68
predict4_V08_T031,predict4,8,31,2,210,68
predict4_V08_T032,predict4,8,32,2,210,68
predict4_V08_T033,predict4,8,33,3,210,68
predict4_V08_T034,predict4,8,34,3,210,68
predict4_V08_T035,predict4,8,35,3,210,68
predict4_V08_T036,predict4,8,36,3,210,68
predict4_V08_T037,predict4,8,37,3,210,68
predict4_V08_T038,predict4,8,38,3,210,68
predict4_V08_T039,predict4,8,39,3,210,68
predict4_V08_T040,predict4,8,40,3,210,68
predict4_V08_T041,predict4,8,41,3,210,68
predict4_V08_T042,predict4,8,42,3,210,68
predict4_V08_T043,predict4,8,43,4,210,68
predict4_V08_T044,predict4,8,44,4,210,68
predict4_V08_T045,predict4,8,45,4,210,68
predict4_V08_T046,predict4,8,46,4,210,68
predict4_V08_T047,predict4,8,47,4,210,68
predict4_V08_T048,predict4,8,48,4,210,68
predict4_V08_T049,predict4,8,49,4,210,68
predict4_V08_T050,predict4,8,50,4,210,68
predict4_V08_T051,predict4,8,51,4,209,68
predict4_V08_T052,predict4,8,52,4,157,68
predict4_V08_T053,predict4,8,53,4,143,68
predict4_V08_T054,predict4,8,54,5,170,68
predict4_V08_T055,predict4,8,55,5,170,68
predict4_V08_T056,predict4,8,56,5,170,68
predict4_V08_T057,predict4,8,57,5,170,68
predict4_V08_T058,predict4,8,58,5,170,68
predict4_V08_T059,predict4,8,59,5,170,68
predict4_V08_T060,predict4,8,60,5,170,68
predict4_V08_T061,predict4,8,61,5,170,68
predict4_V08_T062,predict4,8,62,5,170,68
predict4_V08_T063,predict4,8,63,5,170,68
predict4_V08_T064,predict4,8,64,5,170,68
predict4_V08_T065,predict4,8,65,6,170,68
predict4_V08_T066,predict4,8,66,6,170,68
predict4_V08_T067,predict4,8,67,6,170,68
predict4_V08_T068,predict4,8,68,6,170,68
predict4_V08_T069,predict4,8,69,6,170,68
predict4_V08_T070,predict4,8,70,6,170,68
predict4_V08_T071,predict4,8,71,6,170,68
predict4_V08_T072,predict4,8,72,6,170,68
predict4_V08_T073,predict4,8,73,6,170,68
predict4_V08_T074,predict4,8,74,6,170,68
predict4_V08_T075,predict4,8,75,7,170,68
predict4_V08_T076,predict4,8,76,7,170,68
predict4_V08_T077,predict4,8,77,7,170,68
predict4_V08_T078,predict4,8,78,7,170,68
predict4_V08_T079,predict4,8,79,7,170,68
predict4_V08_T080,predict4,8,80,7,170,68
predict4_V08_T081,predict4,8,81,7,170,68
predict4_V08_T082,predict4,8,82,7,170,68
predict4_V08_T083,predict4,8,83,7,170,68
predict4_V08_T084,predict4,8,84,7,170,68
predict4_V08_T085,predict4,8,85,7,170,68
predict4_V08_T086,predict4,8,86,8,170,68
predict4_V08_T087,predict4,8,87,8,170,68
predict4_V08_T088,predict4,8,88,8,170,68
predict4_V08_T089,predict4,8,89,8,170,68
predict4_V08_T090,predict4,8,90,8,170,68
predict4_V08_T091,predict4,8,91,8,170,68
predict4_V08_T092,predict4,8,92,8,170,68
predict4_V08_T093,predict4,8,93,8,170,68
predict4_V08_T094,predict4,8,94,8,83,68
predict4_V08_T095,predict4,8,95,8,70,68
predict4_V08_T096,predict4,8,96,8,70,68
predict4_V08_T097,predict4,8,97,9,70,68
predict4_V08_T098,predict4,8,98,9,70,77
predict4_V08_T099,predict4,8,99,9,70,96
predict4_V08_T100,predict4,8,100,9,70,111
predict4_V08_T101,predict4,8,101,9,70,111
predict4_V08_T102,predict4,8,102,9,70,111
predict4_V08_T103,predict4,8,103,9,70,111
predict4_V08_T104,predict4,8,104,9,70,111
predict4_V08_T105,predict4,8,105,9,70,111
predict4_V08_T106,predict4,8,106,9,70,111
predict4_V09_T000,predict4,9,0,0,128,128
predict4_V09_T001,predict4,9,1,0,128,128
predict4_V09_T002,predict4,9,2,0,128,128
predict4_V09_T003,predict4,9,3,0,128,128
predict4_V09_T004,predict4,9,4,0,128,128
predict4_V09_T005,predict4,9,5,0,128,128
predict4_V09_T006,predict4,9,6,0,128,128
predict4_V09_T007,predict4,9,7,1,128,128
predict4_V09_T008,predict4,9,8,1,128,128
predict4_V09_T009,predict4,9,9,1,128,128
predict4_V09_T010,predict4,9,10,1,128,128
predict4_V09_T011,predict4,9,11,1,128,128
predict4_V09_T012,predict4,9,12,1,128,128
predict4_V09_T013,predict4,9,13,1,104,128
predict4_V09_T014,predict4,9,14,2,96,128
predict4_V09_T015,predict4,9,15,2,96,90
predict4_V09_T016,predict4,9,16,2,96,86
predict4_V09_T017,predict4,9,17,2,96,86
predict4_V09_T018,predict4,9,18,2,96,86
predict4_V09_T019,predict4,9,19,2,96,86
predict4_V09_T020,predict4,9,20,2,96,86
predict4_V09_T021,predict4,9,21,3,96,86
predict4_V09_T022,predict4,9,22,3,96,98
predict4_V09_T023,predict4,9,23,3,96,122
predict4_V09_T024,predict4,9,24,3,96,122
predict4_V09_T025,predict4,9,25,3,96,122
predict4_V09_T026,predict4,9,26,3,85,122
predict4_V09_T027,predict4,9,27,3,56,122
predict4_V09_T028,predict4,9,28,4,56,122
predict4_V09_T029,predict4,9,29,4,56,122
predict4_V09_T030,predict4,9,30,4,56,165
predict4_V09_T031,predict4,9,31,4,56,176
predict4_V09_T032,predict4,9,32,4,56,176
predict4_V09_T033,predict4,9,33,4,56,176
predict4_V09_T034,predict4,9,34,4,56,176
predict4_V09_T035,predict4,9,35,5,56,176
predict4_V09_T036,predict4,9,36,5,56,176
predict4_V09_T037,predict4,9,37,5,56,176
predict4_V09_T038,predict4,9,38,5,56,176
predict4_V09_T039,predict4,9,39,5,56,176
predict4_V09_T040,predict4,9,40,5,56,176
predict4_V09_T041,predict4,9,41,5,56,176
predict4_V09_T042,predict4,9,42,6,56,176
predict4_V09_T043,predict4,9,43,6,56,176
predict4_V09_T044,predict4,9,44,6,56,176
predict4_V09_T045,predict4,9,45,6,56,176
predict4_V09_T046,predict4,9,46,6,56,176
predict4_V09_T047,predict4,9,47,6,56,176
predict4_V09_T048,predict4,9,48,6,56,176
predict4_V09_T049,predict4,9,49,7,56,176
predict4_V09_T050,predict4,9,50,7,56,176
predict4_V09_T051,predict4,9,51,7,56,176
predict4_V09_T052,predict4,9,52,7,56,176
predict4_V09_T053,predict4,9,53,7,56,176
predict4_V09_T054,predict4,9,54,7,56,176
predict4_V09_T055,predict4,9,55,7,56,176
predict4_V09_T056,predict4,9,56,8,56,176
predict4_V09_T057,predict4,9,57,8,56,176
predict4_V09_T058,predict4,9,58,8,56,176
predict4_V09_T059,predict4,9,59,8,56,176
predict4_V09_T060,predict4,9,60,8,56,176
predict4_V09_T061,predict4,9,61,8,56,176
predict4_V09_T062,predict4,9,62,8,56,176
predict4_V09_T063,predict4,9,63,9,56,176
predict4_V09_T064,predict4,9,64,9,56,176
predict4_V09_T065,predict4,9,65,9,56,176
predict4_V09_T066,predict4,9,66,9,56,176
predict4_V09_T067,predict4,9,67,9,56,176
predict4_V09_T068,predict4,9,68,9,56,176
predict4_V09_T069,predict4,9,69,9,56,176
predict4_V10_T000,predict4,10,0,0,128,128
predict4_V10_T001,predict4,10,1,0,128,128
predict4_V10_T002,predict4,10,2,0,128,128
predict4_V10_T003,predict4,10,3,0,128,128
predict4_V10_T004,predict4,10,4,0,128,128
predict4_V10_T005,predict4,10,5,0,128,128
predict4_V10_T006,predict4,10,6,1,128,128
predict4_V10_T007,predict4,10,7,1,128,128
predict4_V10_T008,predict4,10,8,1,128,128
predict4_V10_T009,predict4,10,9,1,128,128
predict4_V10_T010,predict4,10,10,1,128,128
predict4_V10_T011,predict4,10,11,1,128,128
predict4_V10_T012,predict4,10,12,2,128,128
predict4_V10_T013,predict4,10,13,2,128,128
predict4_V10_T014,predict4,10,14,2,128,128
predict4_V10_T015,predict4,10,15,2,128,128
predict4_V10_T016,predict4,10,16,2,128,128
predict4_V10_T017,predict4,10,17,2,128,128
predict4_V10_T018,predict4,10,18,3,128,128
predict4_V10_T019,predict4,10,19,3,128,128
predict4_V10_T020,predict4,10,20,3,128,128
predict4_V10_T021,predict4,10,21,3,128,128
predict4_V10_T022,predict4,10,22,3,128,128
predict4_V10_T023,predict4,10,23,3,128,128
predict4_V10_T024,predict4,10,24,4,128,128
predict4_V10_T025,predict4,10,25,4,128,106
predict4_V10_T026,predict4,10,26,4,151,58
predict4_V10_T027,predict4,10,27,4,151,58
predict4_V10_T028,predict4,10,28,4,175,71
predict4_V10_T029,predict4,10,29,4,175,71
predict4_V10_T030,predict4,10,30,5,175,71
predict4_V10_T031,predict4,10,31,5,175,71
predict4_V10_T032,predict4,10,32,5,175,71
predict4_V10_T033,predict4,10,33,5,175,71
predict4_V10_T034,predict4,10,34,5,175,71
predict4_V10_T035,predict4,10,35,5,175,71
predict4_V10_T036,predict4,10,36,6,175,71
predict4_V10_T037,predict4,10,37,6,175,71
predict4_V10_T038,predict4,10,38,6,175,71
predict4_V10_T039,predict4,10,39,6,175,71
predict4_V10_T040,predict4,10,40,6,175,71
predict4_V10_T041,predict4,10,41,6,175,71
predict4_V10_T042,predict4,10,42,7,175,71
predict4_V10_T043,predict4,10,43,7,175,71
predict4_V10_T044,predict4,10,44,7,183,71
predict4_V10_T045,predict4,10,45,7,183,71
predict4_V10_T046,predict4,10,46,7,183,71
predict4_V10_T047,predict4,10,47,7,183,71
predict4_V10_T048,predict4,10,48,8,183,71
predict4_V10_T049,predict4,10,49,8,183,71
predict4_V10_T050,predict4,10,50,8,183,71
predict4_V10_T051,predict4,10,51,8,183,71
predict4_V10_T052,predict4,10,52,8,183,71
predict4_V10_T053,predict4,10,53,8,183,71
predict4_V10_T054,predict4,10,54,9,183,71
predict4_V10_T055,predict4,10,55,9,183,71
predict4_V10_T056,predict4,10,56,9,183,71
predict4_V10_T057,predict4,10,57,9,183,71
predict4_V10_T058,predict4,10,58,9,183,71
predict4_V10_T059,predict4,10,59,9,183,71
predict4_V11_T000,predict4,11,0,0,128,128
predict4_V11_T001,predict4,11,1,0,128,128
predict4_V11_T002,predict4,11,2,0,128,128
predict4_V11_T003,predict4,11,3,0,128,128
predict4_V11_T004,predict4,11,4,0,128,128
predict4_V11_T005,predict4,11,5,0,128,128
predict4_V11_T006,predict4,11,6,0,128,128
predict4_V11_T007,predict4,11,7,1,123,128
predict4_V11_T008,predict4,11,8,1,87,205
predict4_V11_T009,predict4,11,9,1,87,205
predict4_V11_T010,predict4,11,10,1,87,205
predict4_V11_T011,predict4,11,11,1,87,205
predict4_V11_T012,predict4,11,12,1,87,203
predict4_V11_T013,predict4,11,13,2,87,161
predict4_V11_T014,predict4,11,14,2,87,161
predict4_V11_T015,predict4,11,15,2,87,161
predict4_V11_T016,predict4,11,16,2,87,161
predict4_V11_T017,predict4,11,17,2,87,161
predict4_V11_T018,predict4,11,18,2,87,161
predict4_V11_T019,predict4,11,19,3,87,156
predict4_V11_T020,predict4,11,20,3,118,133
predict4_V11_T021,predict4,11,21,3,118,133
predict4_V11_T022,predict4,11,22,3,118,133
predict4_V11_T023,predict4,11,23,3,118,133
predict4_V11_T024,predict4,11,24,3,118,133
predict4_V11_T025,predict4,11,25,4,118,133
predict4_V11_T026,predict4,11,26,4,118,133
predict4_V11_T027,predict4,11,27,4,118,133
predict4_V11_T028,predict4,11,28,4,118,133
predict4_V11_T029,predict4,11,29,4,118,133
predict4_V11_T030,predict4,11,30,4,118,133
predict4_V11_T031,predict4,11,31,5,118,133
predict4_V11_T032,predict4,11,32,5,118,133
predict4_V11_T033,predict4,11,33,5,118,133
predict4_V11_T034,predict4,11,34,5,118,133
predict4_V11_T035,predict4,11,35,5,117,133
predict4_V11_T036,predict4,11,36,5,67,189
predict4_V11_T037,predict4,11,37,6,67,189
predict4_V11_T038,predict4,11,38,6,67,189
predict4_V11_T039,predict4,11,39,6,67,189
predict4_V11_T040,predict4,11,40,6,67,189
predict4_V11_T041,predict4,11,41,6,67,189
predict4_V11_T042,predict4,11,42,6,67,189
predict4_V11_T043,predict4,11,43,7,67,189
predict4_V11_T044,predict4,11,44,7,67,189
predict4_V11_T045,predict4,11,45,7,67,189
predict4_V11_T046,predict4,11,46,7,67,189
predict4_V11_T047,predict4,11,47,7,87,189
predict4_V11_T048,predict4,11,48,7,87,161
predict4_V11_T049,predict4,11,49,8,87,161
predict4_V11_T050,predict4,11,50,8,87,175
predict4_V11_T051,predict4,11,51,8,87,179
predict4_V11_T052,predict4,11,52,8,87,179
predict4_V11_T053,predict4,11,53,8,87,179
predict4_V11_T054,predict4,11,54,8,87,179
predict4_V11_T055,predict4,11,55,9,87,179
predict4_V11_T056,predict4,11,56,9,87,179
predict4_V11_T057,predict4,11,57,9,87,179
predict4_V11_T058,predict4,11,58,9,87,179
predict4_V11_T059,predict4,11,59,9,87,179
predict4_V11_T060,predict4,11,60,9,87,179
predict4_V12_T000,predict4,12,0,0,128,128
predict4_V12_T001,predict4,12,1,0,128,128
predict4_V12_T002,predict4,12,2,0,128,128
predict4_V12_T003,predict4,12,3,0,128,128
predict4_V12_T004,predict4,12,4,0,128,128
predict4_V12_T005,predict4,12,5,0,128,128
predict4_V12_T006,predict4,12,6,0,128,128
predict4_V12_T007,predict4,12,7,1,128,128
predict4_V12_T008,predict4,12,8,1,128,128
predict4_V12_T009,predict4,12,9,1,128,128
predict4_V12_T010,predict4,12,10,1,128,128
predict4_V12_T011,predict4,12,11,1,128,128
predict4_V12_T012,predict4,12,12,1,128,128
predict4_V12_T013,predict4,12,13,2,128,128
predict4_V12_T014,predict4,12,14,2,128,128
predict4_V12_T015,predict4,12,15,2,128,128
predict4_V12_T016,predict4,12,16,2,128,128
predict4_V12_T017,predict4,12,17,2,128,128
predict4_V12_T018,predict4,12,18,2,128,128
predict4_V12_T019,predict4,12,19,3,128,128
predict4_V12_T020,predict4,12,20,3,128,128
predict4_V12_T021,predict4,12,21,3,128,128
predict4_V12_T022,predict4,12,22,3,128,128
predict4_V12_T023,predict4,12,23,3,128,128
predict4_V12_T024,predict4,12,24,3,128,128
predict4_V12_T025,predict4,12,25,3,128,128
predict4_V12_T026,predict4,12,26,4,128,128
predict4_V12_T027,predict4,12,27,4,128,128
predict4_V12_T028,predict4,12,28,4,128,128
predict4_V12_T029,predict4,12,29,4,128,128
predict4_V12_T030,predict4,12,30,4,128,128
predict4_V12_T031,predict4,12,31,4,128,128
predict4_V12_T032,predict4,12,32,5,128,128
predict4_V12_T033,predict4,12,33,5,128,128
predict4_V12_T034,predict4,12,34,5,128,128
predict4_V12_T035,predict4,12,35,5,128,128
predict4_V12_T036,predict4,12,36,5,128,128
predict4_V12_T037,predict4,12,37,5,128,128
predict4_V12_T038,predict4,12,38,6,128,128
predict4_V12_T039,predict4,12,39,6,128,128
predict4_V12_T040,predict4,12,40,6,128,128
predict4_V12_T041,predict4,12,41,6,128,128
predict4_V12_T042,predict4,12,42,6,128,128
predict4_V12_T043,predict4,12,43,6,128,128
predict4_V12_T044,predict4,12,44,6,128,128
predict4_V12_T045,predict4,12,45,7,128,128
predict4_V12_T046,predict4,12,46,7,128,128
predict4_V12_T047,predict4,12,47,7,128,128
predict4_V12_T048,predict4,12,48,7,128,128
predict4_V12_T049,predict4,12,49,7,128,128
predict4_V12_T050,predict4,12,50,7,128,128
predict4_V12_T051,predict4,12,51,8,128,128
predict4_V12_T052,predict4,12,52,8,128,128
predict4_V12_T053,predict4,12,53,8,128,128
predict4_V12_T054,predict4,12,54,8,128,128
predict4_V12_T055,predict4,12,55,8,128,128
predict4_V12_T056,predict4,12,56,8,128,128
predict4_V12_T057,predict4,12,57,9,128,128
predict4_V12_T058,predict4,12,58,9,128,128
predict4_V12_T059,predict4,12,59,9,128,128
predict4_V12_T060,predict4,12,60,9,128,128
predict4_V12_T061,predict4,12,61,9,128,128
predict4_V12_T062,predict4,12,62,9,128,128
predict4_V13_T000,predict4,13,0,0,128,128
predict4_V13_T001,predict4,13,1,0,128,128
predict4_V13_T002,predict4,13,2,0,128,128
predict4_V13_T003,predict4,13,3,0,128,128
predict4_V13_T004,predict4,13,4,0,128,128
predict4_V13_T005,predict4,13,5,0,128,128
predict4_V13_T006,predict4,13,6,0,128,128
predict4_V13_T007,predict4,13,7,0,128,128
predict4_V13_T008,predict4,13,8,0,128,128
predict4_V13_T009,predict4,13,9,0,128,128
predict4_V13_T010,predict4,13,10,0,128,128
predict4_V13_T011,predict4,13,11,0,128,128
predict4_V13_T012,predict4,13,12,1,128,128
predict4_V13_T013,predict4,13,13,1,128,128
predict4_V13_T014,predict4,13,14,1,128,128
predict4_V13_T015,predict4,13,15,1,128,128
predict4_V13_T016,predict4,13,16,1,128,128
predict4_V13_T017,predict4,13,17,1,128,128
predict4_V13_T018,predict4,13,18,1,128,128
predict4_V13_T019,predict4,13,19,1,128,128
predict4_V13_T020,predict4,13,20,1,128,128
predict4_V13_T021,predict4,13,21,1,128,128
predict4_V13_T022,predict4,13,22,1,128,128
predict4_V13_T023,predict4,13,23,2,128,128
predict4_V13_T024,predict4,13,24,2,128,128
predict4_V13_T025,predict4,13,25,2,128,128
predict4_V13_T026,predict4,13,26,2,128,128
predict4_V13_T027,predict4,13,27,2,128,128
predict4_V13_T028,predict4,13,28,2,128,128
predict4_V13_T029,predict4,13,29,2,128,128
predict4_V13_T030,predict4,13,30,2,128,128
predict4_V13_T031,predict4,13,31,2,128,128
predict4_V13_T032,predict4,13,32,2,128,128
predict4_V13_T033,predict4,13,33,2,128,128
predict4_V13_T034,predict4,13,34,3,128,128
predict4_V13_T035,predict4,13,35,3,128,128
predict4_V13_T036,predict4,13,36,3,128,128
predict4_V13_T037,predict4,13,37,3,128,37
predict4_V13_T038,predict4,13,38,3,128,49
predict4_V13_T039,predict4,13,39,3,81,61
predict4_V13_T040,predict4,13,40,3,81,61
predict4_V13_T041,predict4,13,41,3,81,61
predict4_V13_T042,predict4,13,42,3,81,61
predict4_V13_T043,predict4,13,43,3,81,61
predict4_V13_T044,predict4,13,44,3,81,61
predict4_V13_T045,predict4,13,45,4,81,61
predict4_V13_T046,predict4,13,46,4,90,61
predict4_V13_T047,predict4,13,47,4,102,68
predict4_V13_T048,predict4,13,48,4,97,69
predict4_V13_T049,predict4,13,49,4,80,69
predict4_V13_T050,predict4,13,50,4,80,69
predict4_V13_T051,predict4,13,51,4,80,69
predict4_V13_T052,predict4,13,52,4,80,69
predict4_V13_T053,predict4,13,53,4,80,69
predict4_V13_T054,predict4,13,54,4,80,69
predict4_V13_T055,predict4,13,55,4,80,69
predict4_V13_T056,predict4,13,56,5,80,69
predict4_V13_T057,predict4,13,57,5,80,69
predict4_V13_T058,predict4,13,58,5,80,69
predict4_V13_T059,predict4,13,59,5,80,69
predict4_V13_T060,predict4,13,60,5,80,69
predict4_V13_T061,predict4,13,61,5,80,69
predict4_V13_T062,predict4,13,62,5,80,69
predict4_V13_T063,predict4,13,63,5,80,69
predict4_V13_T064,predict4,13,64,5,80,69
predict4_V13_T065,predict4,13,65,5,80,69
predict4_V13_T066,predict4,13,66,5,80,69
predict4_V13_T067,predict4,13,67,6,80,69
predict4_V13_T068,predict4,13,68,6,80,69
predict4_V13_T069,predict4,13,69,6,80,69
predict4_V13_T070,predict4,13,70,6,80,69
predict4_V13_T071,predict4,13,71,6,80,69
predict4_V13_T072,predict4,13,72,6,80,69
predict4_V13_T073,predict4,13,73,6,80,69
predict4_V13_T074,predict4,13,74,6,80,69
predict4_V13_T075,predict4,13,75,6,80,69
predict4_V13_T076,predict4,13,76,6,80,69
predict4_V13_T077,predict4,13,77,6,80,69
predict4_V13_T078,predict4,13,78,7,80,69
predict4_V13_T079,predict4,13,79,7,80,69
predict4_V13_T080,predict4,13,80,7,80,69
predict4_V13_T081,predict4,13,81,7,80,69
predict4_V13_T082,predict4,13,82,7,80,69
predict4_V13_T083,predict4,13,83,7,80,69
predict4_V13_T084,predict4,13,84,7,80,69
predict4_V13_T085,predict4,13,85,7,80,69
predict4_V13_T086,predict4,13,86,7,80,69
predict4_V13_T087,predict4,13,87,7,80,69
predict4_V13_T088,predict4,13,88,7,80,69
predict4_V13_T089,predict4,13,89,8,80,69
predict4_V13_T090,predict4,13,90,8,80,69
predict4_V13_T091,predict4,13,91,8,80,69
predict4_V13_T092,predict4,13,92,8,80,69
predict4_V13_T093,predict4,13,93,8,80,69
predict4_V13_T094,predict4,13,94,8,80,69
predict4_V13_T095,predict4,13,95,8,80,69
predict4_V13_T096,predict4,13,96,8,80,69
predict4_V13_T097,predict4,13,97,8,80,69
predict4_V13_T098,predict4,13,98,8,80,69
predict4_V13_T099,predict4,13,99,8,80,69
predict4_V13_T100,predict4,13,100,9,80,69
predict4_V13_T101,predict4,13,101,9,80,69
predict4_V13_T102,predict4,13,102,9,80,69
predict4_V13_T103,predict4,13,103,9,80,69
predict4_V13_T104,predict4,13,104,9,80,69
predict4_V13_T105,predict4,13,105,9,80,69
predict4_V13_T106,predict4,13,106,9,80,69
predict4_V13_T107,predict4,13,107,9,80,69
predict4_V13_T108,predict4,13,108,9,80,74
predict4_V13_T109,predict4,13,109,9,80,74
predict4_V13_T110,predict4,13,110,9,30,143
predict4_V14_T000,predict4,14,0,0,128,128
predict4_V14_T001,predict4,14,1,0,128,128
predict4_V14_T002,predict4,14,2,0,128,128
predict4_V14_T003,predict4,14,3,0,128,128
predict4_V14_T004,predict4,14,4,0,128,128
predict4_V14_T005,predict4,14,5,0,128,83
predict4_V14_T006,predict4,14,6,0,128,74
predict4_V14_T007,predict4,14,7,0,128,74
predict4_V14_T008,predict4,14,8,0,165,74
predict4_V14_T009,predict4,14,9,0,165,74
predict4_V14_T010,predict4,14,10,0,165,74
predict4_V14_T011,predict4,14,11,1,165,74
predict4_V14_T012,predict4,14,12,1,165,74
predict4_V14_T013,predict4,14,13,1,165,74
predict4_V14_T014,predict4,14,14,1,165,74
predict4_V14_T015,predict4,14,15,1,165,74
predict4_V14_T016,predict4,14,16,1,165,74
predict4_V14_T017,predict4,14,17,1,165,74
predict4_V14_T018,predict4,14,18,1,165,74
predict4_V14_T019,predict4,14,19,1,165,74
predict4_V14_T020,predict4,14,20,1,165,74
predict4_V14_T021,predict4,14,21,2,165,74
predict4_V14_T022,predict4,14,22,2,165,74
predict4_V14_T023,predict4,14,23,2,165,74
predict4_V14_T024,predict4,14,24,2,165,74
predict4_V14_T025,predict4,14,25,2,165,74
predict4_V14_T026,predict4,14,26,2,165,74
predict4_V14_T027,predict4,14,27,2,165,74
predict4_V14_T028,predict4,14,28,2,165,74
predict4_V14_T029,predict4,14,29,2,165,74
predict4_V14_T030,predict4,14,30,2,165,74
predict4_V14_T031,predict4,14,31,3,165,74
predict4_V14_T032,predict4,14,32,3,165,74
predict4_V14_T033,predict4,14,33,3,165,74
predict4_V14_T034,predict4,14,34,3,165,74
predict4_V14_T035,predict4,14,35,3,165,74
predict4_V14_T036,predict4,14,36,3,165,74
predict4_V14_T037,predict4,14,37,3,165,74
predict4_V14_T038,predict4,14,38,3,165,74
predict4_V14_T039,predict4,14,39,3,165,74
predict4_V14_T040,predict4,14,40,3,165,74
predict4_V14_T041,predict4,14,41,3,165,74
predict4_V14_T042,predict4,14,42,4,165,74
predict4_V14_T043,predict4,14,43,4,165,74
predict4_V14_T044,predict4,14,44,4,165,74
predict4_V14_T045,predict4,14,45,4,165,74
predict4_V14_T046,predict4,14,46,4,165,74
predict4_V14_T047,predict4,14,47,4,165,74
predict4_V14_T048,predict4,14,48,4,165,74
predict4_V14_T049,predict4,14,49,4,165,74
predict4_V14_T050,predict4,14,50,4,165,74
predict4_V14_T051,predict4,14,51,4,165,74
predict4_V14_T052,predict4,14,52,5,165,74
predict4_V14_T053,predict4,14,53,5,165,74
predict4_V14_T054,predict4,14,54,5,165,74
predict4_V14_T055,predict4,14,55,5,165,74
predict4_V14_T056,predict4,14,56,5,165,74
predict4_V14_T057,predict4,14,57,5,165,74
predict4_V14_T058,predict4,14,58,5,165,74
predict4_V14_T059,predict4,14,59,5,165,74
predict4_V14_T060,predict4,14,60,5,165,74
predict4_V14_T061,predict4,14,61,5,165,74
predict4_V14_T062,predict4,14,62,6,165,74
predict4_V14_T063,predict4,14,63,6,165,74
predict4_V14_T064,predict4,14,64,6,165,74
predict4_V14_T065,predict4,14,65,6,165,74
predict4_V14_T066,predict4,14,66,6,165,74
predict4_V14_T067,predict4,14,67,6,165,74
predict4_V14_T068,predict4,14,68,6,165,74
predict4_V14_T069,predict4,14,69,6,165,74
predict4_V14_T070,predict4,14,70,6,165,74
predict4_V14_T071,predict4,14,71,6,165,74
predict4_V14_T072,predict4,14,72,6,165,74
predict4_V14_T073,predict4,14,73,7,165,74
predict4_V14_T074,predict4,14,74,7,165,74
predict4_V14_T075,predict4,14,75,7,165,74
predict4_V14_T076,predict4,14,76,7,146,113
predict4_V14_T077,predict4,14,77,7,135,113
predict4_V14_T078,predict4,14,78,7,135,113
predict4_V14_T079,predict4,14,79,7,135,113
predict4_V14_T080,predict4,14,80,7,135,113
predict4_V14_T081,predict4,14,81,7,135,113
predict4_V14_T082,predict4,14,82,7,135,113
predict4_V14_T083,predict4,14,83,8,135,113
predict4_V14_T084,predict4,14,84,8,135,113
predict4_V14_T085,predict4,14,85,8,135,113
predict4_V14_T086,predict4,14,86,8,135,113
predict4_V14_T087,predict4,14,87,8,135,113
predict4_V14_T088,predict4,14,88,8,135,113
predict4_V14_T089,predict4,14,89,8,135,113
predict4_V14_T090,predict4,14,90,8,135,113
predict4_V14_T091,predict4,14,91,8,135,113
predict4_V14_T092,predict4,14,92,8,135,113
predict4_V14_T093,predict4,14,93,9,135,113
predict4_V14_T094,predict4,14,94,9,135,113
predict4_V14_T095,predict4,14,95,9,135,113
predict4_V14_T096,predict4,14,96,9,135,113
predict4_V14_T097,predict4,14,97,9,135,113
predict4_V14_T098,predict4,14,98,9,135,113
predict4_V14_T099,predict4,14,99,9,135,113
predict4_V14_T100,predict4,14,100,9,135,113
predict4_V14_T101,predict4,14,101,9,135,113
predict4_V14_T102,predict4,14,102,9,135,113
predict4_V15_T000,predict4,15,0,0,128,128
predict4_V15_T001,predict4,15,1,0,128,128
predict4_V15_T002,predict4,15,2,0,128,128
predict4_V15_T003,predict4,15,3,0,128,128
predict4_V15_T004,predict4,15,4,0,128,128
predict4_V15_T005,predict4,15,5,0,128,128
predict4_V15_T006,predict4,15,6,0,128,128
predict4_V15_T007,predict4,15,7,0,128,128
predict4_V15_T008,predict4,15,8,0,128,128
predict4_V15_T009,predict4,15,9,0,128,128
predict4_V15_T010,predict4,15,10,0,128,128
predict4_V15_T011,predict4,15,11,0,128,128
predict4_V15_T012,predict4,15,12,0,128,128
predict4_V15_T013,predict4,15,13,0,128,128
predict4_V15_T014,predict4,15,14,0,128,128
predict4_V15_T015,predict4,15,15,0,128,128
predict4_V15_T016,predict4,15,16,0,147,128
predict4_V15_T017,predict4,15,17,1,192,128
predict4_V15_T018,predict4,15,18,1,192,128
predict4_V15_T019,predict4,15,19,1,192,128
predict4_V15_T020,predict4,15,20,1,192,128
predict4_V15_T021,predict4,15,21,1,135,128
predict4_V15_T022,predict4,15,22,1,133,128
predict4_V15_T023,predict4,15,23,1,133,128
predict4_V15_T024,predict4,15,24,1,133,133
predict4_V15_T025,predict4,15,25,1,133,184
predict4_V15_T026,predict4,15,26,1,160,184
predict4_V15_T027,predict4,15,27,1,160,184
predict4_V15_T028,predict4,15,28,1,160,184
predict4_V15_T029,predict4,15,29,1,160,184
predict4_V15_T030,predict4,15,30,1,178,184
predict4_V15_T031,predict4,15,31,1,184,184
predict4_V15_T032,predict4,15,32,1,184,184
predict4_V15_T033,predict4,15,33,1,184,184
predict4_V15_T034,predict4,15,34,2,184,184
predict4_V15_T035,predict4,15,35,2,184,184
predict4_V15_T036,predict4,15,36,2,184,184
predict4_V15_T037,predict4,15,37,2,184,184
predict4_V15_T038,predict4,15,38,2,184,184
predict4_V15_T039,predict4,15,39,2,184,184
predict4_V15_T040,predict4,15,40,2,184,184
predict4_V15_T041,predict4,15,41,2,184,184
predict4_V15_T042,predict4,15,42,2,184,184
predict4_V15_T043,predict4,15,43,2,184,184
predict4_V15_T044,predict4,15,44,2,184,184
predict4_V15_T045,predict4,15,45,2,184,184
predict4_V15_T046,predict4,15,46,2,184,184
predict4_V15_T047,predict4,15,47,2,184,184
predict4_V15_T048,predict4,15,48,2,184,184
predict4_V15_T049,predict4,15,49,2,184,184
predict4_V15_T050,predict4,15,50,2,184,184
predict4_V15_T051,predict4,15,51,3,184,184
predict4_V15_T052,predict4,15,52,3,184,184
predict4_V15_T053,predict4,15,53,3,184,184
predict4_V15_T054,predict4,15,54,3,184,184
predict4_V15_T055,predict4,15,55,3,184,184
predict4_V15_T056,predict4,15,56,3,184,184
predict4_V15_T057,predict4,15,57,3,184,184
predict4_V15_T058,predict4,15,58,3,184,184
predict4_V15_T059,predict4,15,59,3,184,184
predict4_V15_T060,predict4,15,60,3,184,184
predict4_V15_T061,predict4,15,61,3,184,184
predict4_V15_T062,predict4,15,62,3,184,184
predict4_V15_T063,predict4,15,63,3,184,184
predict4_V15_T064,predict4,15,64,3,184,184
predict4_V15_T065,predict4,15,65,3,184,184
predict4_V15_T066,predict4,15,66,3,184,184
predict4_V15_T067,predict4,15,67,3,184,184
predict4_V15_T068,predict4,15,68,4,184,184
predict4_V15_T069,predict4,15,69,4,184,184
predict4_V15_T070,predict4,15,70,4,184,184
predict4_V15_T071,predict4,15,71,4,184,184
predict4_V15_T072,predict4,15,72,4,184,184
predict4_V15_T073,predict4,15,73,4,184,184
predict4_V15_T074,predict4,15,74,4,184,184
predict4_V15_T075,predict4,15,75,4,184,184
predict4_V15_T076,predict4,15,76,4,184,184
predict4_V15_T077,predict4,15,77,4,184,184
predict4_V15_T078,predict4,15,78,4,184,184
predict4_V15_T079,predict4,15,79,4,184,184
predict4_V15_T080,predict4,15,80,4,184,184
predict4_V15_T081,predict4,15,81,4,184,184
predict4_V15_T082,predict4,15,82,4,184,184
predict4_V15_T083,predict4,15,83,4,184,184
predict4_V15_T084,predict4,15,84,4,184,184
predict4_V15_T085,predict4,15,85,5,184,184
predict4_V15_T086,predict4,15,86,5,184,184
predict4_V15_T087,predict4,15,87,5,184,184
predict4_V15_T088,predict4,15,88,5,184,184
predict4_V15_T089,predict4,15,89,5,184,184
predict4_V15_T090,predict4,15,90,5,184,184
predict4_V15_T091,predict4,15,91,5,184,184
predict4_V15_T092,predict4,15,92,5,184,184
predict4_V15_T093,predict4,15,93,5,184,184
predict4_V15_T094,predict4,15,94,5,159,157
predict4_V15_T095,predict4,15,95,5,148,149
predict4_V15_T096,predict4,15,96,5,137,143
predict4_V15_T097,predict4,15,97,5,137,143
predict4_V15_T098,predict4,15,98,5,137,143
predict4_V15_T099,predict4,15,99,5,137,143
predict4_V15_T100,predict4,15,100,5,137,143
predict4_V15_T101,predict4,15,101,5,137,143
predict4_V15_T102,predict4,15,102,6,137,143
predict4_V15_T103,predict4,15,103,6,137,121
predict4_V15_T104,predict4,15,104,6,137,121
predict4_V15_T105,predict4,15,105,6,116,121
predict4_V15_T106,predict4,15,106,6,129,121
predict4_V15_T107,predict4,15,107,6,141,121
predict4_V15_T108,predict4,15,108,6,134,121
predict4_V15_T109,predict4,15,109,6,115,121
predict4_V15_T110,predict4,15,110,6,115,121
predict4_V15_T111,predict4,15,111,6,131,121
predict4_V15_T112,predict4,15,112,6,131,121
predict4_V15_T113,predict4,15,113,6,131,121
predict4_V15_T114,predict4,15,114,6,131,132
predict4_V15_T115,predict4,15,115,6,131,154
predict4_V15_T116,predict4,15,116,6,131,126
predict4_V15_T117,predict4,15,117,6,131,126
predict4_V15_T118,predict4,15,118,6,131,126
predict4_V15_T119,predict4,15,119,7,131,126
predict4_V15_T120,predict4,15,120,7,131,126
predict4_V15_T121,predict4,15,121,7,131,126
predict4_V15_T122,predict4,15,122,7,131,126
predict4_V15_T123,predict4,15,123,7,131,126
predict4_V15_T124,predict4,15,124,7,131,126
predict4_V15_T125,predict4,15,125,7,131,126
predict4_V15_T126,predict4,15,126,7,131,126
predict4_V15_T127,predict4,15,127,7,131,126
predict4_V15_T128,predict4,15,128,7,131,126
predict4_V15_T129,predict4,15,129,7,131,126
predict4_V15_T130,predict4,15,130,7,131,126
predict4_V15_T131,predict4,15,131,7,131,126
predict4_V15_T132,predict4,15,132,7,131,126
predict4_V15_T133,predict4,15,133,7,131,126
predict4_V15_T134,predict4,15,134,7,131,126
predict4_V15_T135,predict4,15,135,7,131,126
predict4_V15_T136,predict4,15,136,8,131,126
predict4_V15_T137,predict4,15,137,8,131,126
predict4_V15_T138,predict4,15,138,8,131,126
predict4_V15_T139,predict4,15,139,8,131,126
predict4_V15_T140,predict4,15,140,8,97,126
predict4_V15_T141,predict4,15,141,8,17,126
predict4_V15_T142,predict4,15,142,8,1,126
predict4_V15_T143,predict4,15,143,8,1,126
predict4_V15_T144,predict4,15,144,8,1,126
predict4_V15_T145,predict4,15,145,8,27,126
predict4_V15_T146,predict4,15,146,8,27,126
predict4_V15_T147,predict4,15,147,8,27,126
predict4_V15_T148,predict4,15,148,8,27,126
predict4_V15_T149,predict4,15,149,8,101,151
predict4_V15_T150,predict4,15,150,8,127,151
predict4_V15_T151,predict4,15,151,8,127,151
predict4_V15_T152,predict4,15,152,8,127,151
predict4_V15_T153,predict4,15,153,9,127,151
predict4_V15_T154,predict4,15,154,9,127,151
predict4_V15_T155,predict4,15,155,9,127,135
predict4_V15_T156,predict4,15,156,9,127,135
predict4_V15_T157,predict4,15,157,9,127,135
predict4_V15_T158,predict4,15,158,9,127,135
predict4_V15_T159,predict4,15,159,9,127,135
predict4_V15_T160,predict4,15,160,9,127,135
predict4_V15_T161,predict4,15,161,9,127,135
predict4_V15_T162,predict4,15,162,9,127,135
predict4_V15_T163,predict4,15,163,9,127,135
predict4_V15_T164,predict4,15,164,9,127,135
predict4_V15_T165,predict4,15,165,9,127,135
predict4_V15_T166,predict4,15,166,9,127,135
predict4_V15_T167,predict4,15,167,9,127,135
predict4_V15_T168,predict4,15,168,9,127,135
predict4_V15_T169,predict4,15,169,9,127,135
